,title,rating,reviewCount,category,attributes,address,phoneNumber,monday,tuesday,wednesday,thursday,friday,saturday,sunday
0,Like Cafe,4.4,308.0,Cafe,·  Delivery,"XCQX+GPW, Skopje 1000, North Macedonia",+389 78 393 902,8a.m.–12a.m.,8a.m.–12a.m.,8a.m.–12a.m.,8a.m.–12a.m.,8a.m.–12a.m.,8a.m.–12a.m.,8a.m.–12a.m.
1,Play Cafe,4.2,807.0,Cafe,·  Takeout,"Skopje 1000, North Macedonia",+389 78 212 271,8a.m.–12a.m.,8a.m.–12a.m.,8a.m.–12a.m.,8a.m.–12a.m.,8a.m.–1a.m.,8a.m.–1a.m.,8a.m.–12a.m.
2,Caffe Happy,4.4,187.0,Cafe,·  Delivery,"XFQ3+C5X, Boulevard Jane Sandanski, Skopje 1000, North Macedonia",+389 72 702 001,8a.m.–12a.m.,8a.m.–12a.m.,8a.m.–12a.m.,8a.m.–12a.m.,8a.m.–1a.m.,8a.m.–1a.m.,8a.m.–12a.m.
3,The Gallery Caffe,4.5,1103.0,Cafe,·  Dine-in  ·  Curbside pickup  ·  Delivery,"MK MK MK, Franklin Ruzvelt 63a, lok. 2, Skopje 1000, North Macedonia",+389 72 535 353,7:30a.m.–12a.m.,7:30a.m.–12a.m.,7:30a.m.–12a.m.,7:30a.m.–12a.m.,7:30a.m.–1a.m.,8a.m.–1a.m.,8a.m.–12a.m.
4,Knox,4.1,120.0,Cafe,·  Delivery,"Skopje 1000 706, Skopje 1000, North Macedonia",+389 75 304 009,8:30a.m.–12a.m.,8:30a.m.–12a.m.,8:30a.m.–12a.m.,8:30a.m.–12a.m.,8:30a.m.–12a.m.,8:30a.m.–12a.m.,8:30a.m.–12a.m.
5,Cafe 9,4.3,254.0,Cafe,·  Delivery,"Vasil Gjorgov, Skopje 1000, North Macedonia",,9a.m.–12a.m.,9a.m.–12a.m.,9a.m.–12a.m.,9a.m.–12a.m.,9a.m.–1a.m.,9a.m.–1a.m.,9a.m.–5p.m.
6,Broz Cafe,4.2,774.0,Cafe,·  Dine-in  ·  Takeout  ·  Delivery,"MK, Blvd. Partizanski Odredi, Skopje 1000, North Macedonia",+389 77 590 419,8a.m.–12a.m.,8a.m.–12a.m.,8a.m.–12a.m.,8a.m.–12a.m.,8a.m.–1a.m.,8a.m.–1a.m.,9a.m.–1a.m.
7,Point Café,4.4,400.0,Cafe,·  Delivery,"Hristo Tatarchev 47Ц, Skopje 1000, North Macedonia",+389 78 445 405,8a.m.–12a.m.,8a.m.–12a.m.,8a.m.–12a.m.,8a.m.–12a.m.,8a.m.–1a.m.,8a.m.–1a.m.,8a.m.–12a.m.
8,Mon Frère,4.6,78.0,Cafe,·  Dine-in  ·  Takeout,"MK, Mutavdziska, Skopje 1000, North Macedonia",+389 71 648 055,9a.m.–10p.m.,9a.m.–10p.m.,9a.m.–10p.m.,9a.m.–10p.m.,9a.m.–10p.m.,9a.m.–10p.m.,12–10p.m.
9,Ottoman Caffe,4.8,82.0,Coffee shop,·  Dine-in  ·  Delivery,"MK, Kujundjiska, Skopje 1000, North Macedonia",+389 70 849 067,8a.m.–12a.m.,8a.m.–12a.m.,8a.m.–12a.m.,8a.m.–12a.m.,8a.m.–12a.m.,8a.m.–12a.m.,Closed
10,Бифе Тафталиџе,4.7,88.0,Cafe,·  Delivery,"Blvd. Partizanski Odredi 70, Skopje 1000, North Macedonia",+389 78 201 302,8a.m.–12a.m.,8a.m.–12a.m.,8a.m.–12a.m.,8a.m.–12a.m.,8a.m.–1a.m.,8a.m.–12:30a.m.,9a.m.–12a.m.
11,La CAFE,4.3,100.0,Cafe,·  Delivery,"Kraishka 20, Skopje 1000, North Macedonia",,9a.m.–12a.m.,9a.m.–12a.m.,9a.m.–12a.m.,9a.m.–12a.m.,9a.m.–12a.m.,9a.m.–12a.m.,9a.m.–12a.m.
12,Stage Cafe,4.2,72.0,Cafe,·  Delivery,"XCRG+RPX, Ss Cyril & Methodius, Skopje 1000, North Macedonia",,8a.m.–12a.m.,8a.m.–12a.m.,8a.m.–12a.m.,8a.m.–12a.m.,8a.m.–1a.m.,8a.m.–12a.m.,8a.m.–12a.m.
13,M&F Cafe,4.8,11.0,Cafe,·  Delivery,"XCV8+6CC, Skopje 1000, North Macedonia",,7:30a.m.–12a.m.,7:30a.m.–12a.m.,7:30a.m.–12a.m.,7:30a.m.–12a.m.,7:30a.m.–1a.m.,7:30a.m.–1a.m.,7:30a.m.–12a.m.
14,Coffee shop Mulliri,4.3,160.0,Cafe,·  Dine-in  ·  Takeout  ·  Delivery,"Chair, Skopje, 1000, North Macedonia",,7a.m.–11p.m.,7a.m.–11p.m.,7a.m.–11p.m.,7a.m.–11p.m.,7a.m.–11p.m.,7a.m.–11p.m.,7a.m.–11p.m.
15,Film Cafe,4.5,288.0,Cafe,·  Delivery,"XFJC+CHH, Skopje 1000, North Macedonia",+389 2 246 2077,9a.m.–12a.m.,9a.m.–12a.m.,9a.m.–12a.m.,9a.m.–12a.m.,9a.m.–12a.m.,9a.m.–12a.m.,9a.m.–12a.m.
16,Helium Caffe,4.6,338.0,Cafe,·  Curbside pickup  ·  Dine-in  ·  Delivery,"MK, Boulevard Vidoe Smilevski Bato 55, Skopje 1000, North Macedonia",+389 2 240 0899,9a.m.–12a.m.,9a.m.–12a.m.,9a.m.–12a.m.,9a.m.–12a.m.,9a.m.–12a.m.,9a.m.–12a.m.,10a.m.–12a.m.
17,Joy Café and Bakery,4.7,161.0,Cafe,·  Dine-in  ·  Takeout  ·  Delivery,"Luj Paster 1000, Skopje 1000, North Macedonia",+389 2 523 3355,8a.m.–4p.m.,8a.m.–4p.m.,8a.m.–4p.m.,8a.m.–4p.m.,8a.m.–4p.m.,9a.m.–4p.m.,9a.m.–4p.m.
18,Pablo Cafe,4.6,88.0,Cafe,·  Delivery,"XCX3+GVH, Ulica Bruce Lee, Skopje, North Macedonia",+389 2 309 8175,9a.m.–12a.m.,9a.m.–12a.m.,9a.m.–12a.m.,9a.m.–12a.m.,9a.m.–1a.m.,9a.m.–1a.m.,9a.m.–12a.m.
19,Border Cafe,4.4,110.0,Cafe,·  Curbside pickup  ·  No-contact delivery  ·  Dine-in,"Porta Vlae, Ul MK, Blvd Partizanski Odredi 149, Skopje 1000, North Macedonia",+389 78 426 980,8a.m.–1a.m.,8a.m.–1a.m.,8a.m.–1a.m.,8a.m.–1a.m.,8a.m.–1a.m.,8a.m.–1a.m.,8a.m.–1a.m.
20,Буква / Bookva,4.6,26.0,Cafe,,"Centar, Skopje, 1000, North Macedonia",+389 72 213 107,11a.m.–11p.m.,11a.m.–11p.m.,11a.m.–11p.m.,11a.m.–11p.m.,11a.m.–11p.m.,11a.m.–11p.m.,12–11p.m.
21,Coffee Factory 3,4.4,208.0,Cafe,·  Delivery,"XCVJ+J53, Macedonia, Skopje 1000, North Macedonia",,8a.m.–12a.m.,8a.m.–12a.m.,8a.m.–12a.m.,8a.m.–12a.m.,8a.m.–12a.m.,9a.m.–1a.m.,10a.m.–12a.m.
22,Fika Café,4.4,9.0,Cafe,·  Delivery,"2C28+2VR, Blvd. Partizanski Odredi, Skopje 1000, North Macedonia",,8a.m.–12a.m.,8a.m.–12a.m.,8a.m.–12a.m.,8a.m.–12a.m.,8a.m.–12a.m.,8a.m.–12a.m.,8a.m.–12a.m.
23,My story cafe,4.5,75.0,Coffee shop,·  Takeout  ·  Delivery,"MK, 3rd Macedonian Brigade Blvd 41, Skopje 1000, North Macedonia",+389 2 270 0091,8a.m.–11:58p.m.,8a.m.–11:58p.m.,8a.m.–11:58p.m.,8a.m.–11:58p.m.,8a.m.–11:58p.m.,8a.m.–11:58p.m.,9a.m.–11:58p.m.
24,Snooze cafe,4.4,8.0,Cafe,,"MK, 23 Oktomvri 18a, Skopje 1000, North Macedonia",,8:30a.m.–12a.m.,8:30a.m.–12a.m.,8:30a.m.–12a.m.,8:30a.m.–12a.m.,8:30a.m.–12a.m.,8:30a.m.–12a.m.,8:30a.m.–12a.m.
25,Office Cafe,4.4,134.0,Cafe,·  Delivery,"MK, Fevruarski Pohod 24, Skopje 1000, North Macedonia",+389 78 272 628,8a.m.–12a.m.,8a.m.–12a.m.,8a.m.–12a.m.,8a.m.–12a.m.,8a.m.–1a.m.,8a.m.–1a.m.,8a.m.–12a.m.
26,Spalato Caffe,4.3,229.0,Cafe,·  Delivery,"Blvd. Partizanski Odredi 15a, Skopje 1000, North Macedonia",,8a.m.–12a.m.,8a.m.–12a.m.,8a.m.–12a.m.,8a.m.–12a.m.,8a.m.–1a.m.,8a.m.–1a.m.,8a.m.–12a.m.
27,Кафе „Литература“,4.4,16.0,Cafe,,"293X+54J, Skopje 1000, North Macedonia",,9a.m.–10p.m.,9a.m.–10p.m.,9a.m.–10p.m.,9a.m.–10p.m.,9a.m.–10p.m.,9a.m.–10p.m.,9a.m.–8p.m.
28,Кафе бар Само / Samo Caffe Bar,4.7,179.0,Cafe,·  Delivery,"Orce Nikolov 75, Skopje 1000, North Macedonia",+389 70 270 599,4p.m.–12a.m.,4p.m.–12a.m.,4p.m.–12a.m.,4p.m.–12a.m.,5p.m.–1a.m.,5p.m.–1a.m.,4p.m.–12a.m.
29,My Space Cafe,4.1,137.0,Cafe,·  Takeout  ·  Delivery,"Vasil Gjorgov, Skopje 1000, North Macedonia",+389 2 609 0264,8a.m.–12a.m.,8a.m.–12a.m.,8a.m.–12a.m.,8a.m.–12a.m.,8a.m.–12a.m.,8a.m.–12a.m.,Closed
30,Urban Cafe,4.6,25.0,Cafe,,"Bitpazarska 15, Skopje 1000, North Macedonia",+389 78 277 148,9a.m.–12a.m.,9a.m.–12a.m.,9a.m.–12a.m.,9a.m.–12a.m.,9a.m.–12a.m.,9a.m.–12a.m.,9a.m.–12a.m.
31,Cafe Le Petit,4.6,643.0,Cafe,·  Delivery,"Trifun Hadzijanev K3, Skopje 1000, North Macedonia",+389 70 235 176,Open 24 hours,Open 24 hours,Open 24 hours,Open 24 hours,Open 24 hours,Open 24 hours,12–11p.m.
32,Image Cafe,4.3,120.0,Cafe,·  Takeout  ·  Delivery,"Boulevard Jane Sandanski 26, Skopje 1000, North Macedonia",+389 2 245 0453,8a.m.–12a.m.,8a.m.–12a.m.,8a.m.–12a.m.,8a.m.–12a.m.,8a.m.–1a.m.,8a.m.–1a.m.,8a.m.–12a.m.
33,Friends Caffe,4.6,58.0,Cafe,·  Dine-in  ·  Curbside pickup  ·  Delivery,"Blvd. Partizanski Odredi 9, Skopje 1000, North Macedonia",+389 77 945 415,9a.m.–12a.m.,9a.m.–12a.m.,9a.m.–12a.m.,9a.m.–12a.m.,9a.m.–1a.m.,10a.m.–1a.m.,Closed
34,Box Cafe,4.4,96.0,Cafe,·  Delivery,"295C+35Q, Skopje 1000, North Macedonia",,8a.m.–1a.m.,8a.m.–1a.m.,8a.m.–1a.m.,8a.m.–1a.m.,8a.m.–1a.m.,8a.m.–1a.m.,8a.m.–1a.m.
35,Coffee & Friends,4.4,52.0,Cafe,·  Dine-in  ·  Takeout  ·  Delivery,"XCVH+W82, Skopje 1000, North Macedonia",+389 2 317 7048,8a.m.–8p.m.,8a.m.–8p.m.,8a.m.–8p.m.,8a.m.–8p.m.,8a.m.–8p.m.,8a.m.–8p.m.,Closed
36,Block,4.5,972.0,Cafe,·  Delivery,"XFQ2+2FJ, Skopje 1000, North Macedonia",+389 78 838 826,8a.m.–1a.m.,8a.m.–1a.m.,8a.m.–1a.m.,8a.m.–1a.m.,8a.m.–1a.m.,8a.m.–1a.m.,8a.m.–1a.m.
37,Joy Café and Bakery - East Gate Mall,4.3,6.0,Coffee shop,·  Takeout,"Belasitsa 2, Skopje 1000, North Macedonia",+389 77 920 939,9a.m.–10p.m.,9a.m.–10p.m.,9a.m.–10p.m.,9a.m.–10p.m.,9a.m.–10p.m.,9a.m.–10p.m.,9a.m.–10p.m.
38,Metanoja Literary Cafe,4.9,108.0,Cafe,·  Delivery,"Maksim Gorki 19, Skopje 1000, North Macedonia",+389 2 321 1760,10a.m.–8p.m.,10a.m.–8p.m.,10a.m.–8p.m.,10a.m.–8p.m.,10a.m.–8p.m.,10a.m.–8p.m.,Closed
39,Cool Caffe,4.3,163.0,Cafe,·  Delivery,"XFP8+484, Skopje 1000, North Macedonia",+389 78 353 377,8a.m.–12a.m.,8a.m.–12a.m.,8a.m.–12a.m.,8a.m.–12a.m.,8a.m.–12a.m.,8a.m.–12a.m.,8a.m.–12a.m.
40,Get,4.4,1901.0,Cafe,·  Dine-in  ·  Takeout  ·  Delivery,"Skopje 1000, North Macedonia",+389 2 277 7457,8a.m.–12a.m.,8a.m.–12a.m.,8a.m.–12a.m.,8a.m.–12a.m.,8a.m.–1a.m.,8a.m.–1a.m.,9a.m.–12a.m.
41,Belier,4.3,504.0,Cafe,·  Delivery,"Kosturski Heroi 38, Skopje 1000, North Macedonia",+389 70 340 550,8a.m.–12a.m.,8a.m.–12a.m.,8a.m.–12a.m.,8a.m.–12a.m.,8a.m.–1a.m.,8a.m.–1a.m.,8a.m.–12a.m.
42,Mon Ami,4.7,9.0,Cafe,·  Dine-in,"Lazar Tanev 42, Skopje 1000, North Macedonia",+389 75 839 288,8a.m.–10p.m.,8a.m.–10p.m.,8a.m.–10p.m.,8a.m.–10p.m.,8a.m.–10p.m.,8a.m.–10p.m.,8a.m.–10p.m.
43,Nargile Lounge Cafe,4.0,74.0,Cafe,·  Dine-in  ·  Takeout  ·  Delivery,"Jorgandziska, Skopje 1000, North Macedonia",+389 71 393 999,8a.m.–12a.m.,8a.m.–12a.m.,8a.m.–12a.m.,8a.m.–12a.m.,8a.m.–1a.m.,8a.m.–1a.m.,8a.m.–12a.m.
44,Joy Cafe and Bakery,4.5,588.0,Bakery,·  Dine-in  ·  Takeout,"Nikola Tesla 9a, Skopje 1000, North Macedonia",+389 2 307 6955,7:30a.m.–6p.m.,7:30a.m.–6p.m.,7:30a.m.–6p.m.,7:30a.m.–6p.m.,7:30a.m.–6p.m.,8a.m.–4p.m.,9a.m.–4p.m.
45,2 Cups Cafe,4.7,10.0,Coffee shop,·  Dine-in,"MK, Mother Teresa 60, Skopje 1000, North Macedonia",+389 76 466 936,8a.m.–12a.m.,8a.m.–12a.m.,8a.m.–12a.m.,8a.m.–12a.m.,8a.m.–12a.m.,8a.m.–12a.m.,8a.m.–12a.m.
46,Che,4.7,823.0,Coffee shop,·  Delivery,"2, Kosturski Heroi 15, Skopje 1000, North Macedonia",+389 78 383 893,8a.m.–12p.m.,8a.m.–12p.m.,8a.m.–12p.m.,8a.m.–12p.m.,8a.m.–1a.m.,8a.m.–1a.m.,8a.m.–12p.m.
47,HOSH,5.0,8.0,Cafe,,"MK, Bitpazarska 18, Skopje 1000, North Macedonia",,8a.m.–12a.m.,8a.m.–12a.m.,8a.m.–12a.m.,8a.m.–12a.m.,8a.m.–12a.m.,8a.m.–12a.m.,8a.m.–12a.m.
48,Gorki Cafe,4.4,986.0,Cafe,·  Dine-in  ·  Takeout  ·  Delivery,"MK, Luj Paster 1000, Skopje 1000, North Macedonia",+389 71 273 380,9a.m.–12a.m.,9a.m.–12a.m.,9a.m.–12a.m.,9a.m.–12a.m.,9a.m.–1a.m.,9a.m.–1a.m.,12p.m.–12a.m.
49,Кафетерија Teeny Тајни,4.9,33.0,Coffee shop,·  Dine-in  ·  Curbside pickup  ·  No-contact delivery,"Orce Nikolov 83, Skopje 1000, North Macedonia",+389 78 307 117,8a.m.–11p.m.,8a.m.–11p.m.,8a.m.–11p.m.,8a.m.–11p.m.,8a.m.–11p.m.,9a.m.–11p.m.,Closed
50,Martini Caffe,4.4,1234.0,Cafe,·  Dine-in  ·  Takeout,"2C32+72G, Skopje 1000, North Macedonia",+389 2 306 1127,9a.m.–12a.m.,9a.m.–12a.m.,9a.m.–12a.m.,9a.m.–12a.m.,9a.m.–1a.m.,9a.m.–1a.m.,9a.m.–12a.m.
51,Dramski Cafe Bar,4.1,371.0,Cafe,·  Curbside pickup  ·  Delivery,"Shekspirova 15, Skopje 1000, North Macedonia",+389 78 268 740,9a.m.–12a.m.,9a.m.–12a.m.,9a.m.–12a.m.,9a.m.–12a.m.,9a.m.–1a.m.,9a.m.–1a.m.,9a.m.–12a.m.
52,Agate Cafe,4.0,97.0,Cafe,·  Curbside pickup  ·  Delivery,"Sava Kovachevikj 47И, Skopje 1000, North Macedonia",+389 78 257 088,8a.m.–12a.m.,8a.m.–12a.m.,8a.m.–12a.m.,8a.m.–12a.m.,8a.m.–1a.m.,8a.m.–1a.m.,10a.m.–12a.m.
53,Chevignon Cafe - City Trade Center,4.5,22.0,Cafe,,"11th October St. 12, Skopje 1000, North Macedonia",+389 2 321 4411,9a.m.–9p.m.,9a.m.–9p.m.,9a.m.–9p.m.,9a.m.–9p.m.,9a.m.–9p.m.,10a.m.–7p.m.,10a.m.–7p.m.
54,Tinex To Go Coffee Bar,4.5,92.0,Cafe,·  Dine-in  ·  Takeout,"XCVC+428, Skopje 1000, North Macedonia",+389 78 235 699,8a.m.–8p.m.,8a.m.–8p.m.,8a.m.–8p.m.,8a.m.–8p.m.,8a.m.–8p.m.,8a.m.–8p.m.,Closed
55,Caffe Vivendo,4.3,25.0,Cafe,,"John Kennedy 3, Skopje 1000, North Macedonia",+389 75 222 210,,,,,,,
56,Quatro Caffe,4.3,459.0,Cafe,·  Takeout  ·  Delivery,"1 MK, Hristo Tatarchev 47, Skopje 1000, North Macedonia",+389 78 841 484,Open 24 hours,Open 24 hours,Open 24 hours,Open 24 hours,Open 24 hours,Open 24 hours,Open 24 hours
57,Why Caffe,4.3,4.0,Cafe,,"Mitropolit Teodosij Gologanov 134/1, Skopje 1000, North Macedonia",+389 71 351 332,8a.m.–12p.m.,8a.m.–12p.m.,8a.m.–12p.m.,8a.m.–12p.m.,8a.m.–12p.m.,8a.m.–1a.m.,8a.m.–12p.m.
58,The Coffee Cino,5.0,3.0,Cafe,,"2C3F+M84, Skopje 1000, North Macedonia",,9a.m.–8p.m.,9a.m.–8p.m.,9a.m.–8p.m.,9a.m.–8p.m.,9a.m.–8p.m.,9a.m.–8p.m.,9a.m.–8p.m.
59,Vespa Bar - Star Café,4.4,213.0,Cafe,·  Curbside pickup  ·  Dine-in  ·  Delivery,"Mitropolit Teodosij Gologanov 44, Skopje 1000, North Macedonia",+389 70 233 238,8a.m.–12a.m.,8a.m.–12a.m.,8a.m.–12a.m.,8a.m.–12a.m.,8a.m.–1a.m.,8a.m.–1a.m.,9a.m.–12a.m.
60,LUX Cafe,3.6,23.0,Cafe,·  Takeout  ·  Dine-in  ·  Delivery,"MK, Macedonia бр. 17, Skopje 1000, North Macedonia",+389 78 339 149,8a.m.–12a.m.,8a.m.–12a.m.,8a.m.–12a.m.,8a.m.–12a.m.,8a.m.–12a.m.,8a.m.–12a.m.,8a.m.–12a.m.
61,Image Cafe,,,Cafe,·  Dine-in,"Leninova 46, Skopje 1000, North Macedonia",+389 70 204 155,8a.m.–12a.m.,8a.m.–12a.m.,8a.m.–12a.m.,8a.m.–12a.m.,8a.m.–12a.m.,8a.m.–12a.m.,8a.m.–12a.m.
62,Urban Cocktails & Shisha,4.7,6.0,Cafe,·  Dine-in,"ул Булевар Јане Сандански Бр.82/локал -3,6 и 7 MK, Skopje 1000, North Macedonia",+389 72 302 649,8a.m.–11:30p.m.,8a.m.–11:30p.m.,8a.m.–11:30p.m.,8a.m.–11:30p.m.,8a.m.–11:30p.m.,8a.m.–11:30p.m.,8a.m.–11:30p.m.
63,Duplo Specialty Coffee Shop,5.0,22.0,Coffee shop,·  Dine-in  ·  Takeout,"MK MK, Pandil Shishkov бр.4/2 лок.11, Skopje 1000, North Macedonia",+389 71 326 443,9a.m.–5p.m.,9a.m.–5p.m.,9a.m.–5p.m.,9a.m.–5p.m.,9a.m.–5p.m.,9a.m.–4p.m.,Closed
64,Victory Cafe,5.0,1.0,Cafe,,"Tone Tomshikj 1000, Skopje 1000, North Macedonia",,8a.m.–12a.m.,8a.m.–12a.m.,8a.m.–12a.m.,8a.m.–12a.m.,8a.m.–1a.m.,8a.m.–12a.m.,8a.m.–12a.m.
65,Amigos Gold,3.9,19.0,Cafe,,"Butel, Skopje, 1000, North Macedonia",+389 70 922 561,8a.m.–12a.m.,8a.m.–12a.m.,8a.m.–12a.m.,8a.m.–12a.m.,8a.m.–12a.m.,8a.m.–12a.m.,8a.m.–12a.m.
66,Izlet,4.3,702.0,Cafe,·  Takeout  ·  Delivery,"Nikola Trimpare 15, Skopje 1000, North Macedonia",+389 76 909 909,9a.m.–1a.m.,9a.m.–1a.m.,9a.m.–1a.m.,9a.m.–1a.m.,9a.m.–1a.m.,9a.m.–1a.m.,9a.m.–1a.m.
67,Bass Cafe,4.3,334.0,Cafe,·  Delivery,"XCFW+86Q, Б, Сава Ковачевиќ 47И, Skopje, North Macedonia",+389 70 266 841,8a.m.–12a.m.,8a.m.–12a.m.,8a.m.–12a.m.,8a.m.–12a.m.,8a.m.–1a.m.,8a.m.–1a.m.,8a.m.–12a.m.
68,Лејзи Кафе - Lazy Cafe,4.3,29.0,Cafe,,"Boulevard Jane Sandanski 74-1, Skopje 1000, North Macedonia",,8a.m.–12a.m.,8a.m.–12a.m.,8a.m.–12a.m.,8a.m.–12a.m.,8a.m.–12a.m.,8a.m.–12a.m.,8a.m.–12a.m.
69,Coffee Shop,5.0,1.0,Cafe,,"Boulevard Macedonia Skopje 1000, North Macedonia",,9a.m.–10p.m.,9a.m.–10p.m.,9a.m.–10p.m.,9a.m.–10p.m.,9a.m.–10p.m.,9a.m.–10p.m.,9a.m.–10p.m.
70,Zaho Caffee & Lounge Bar,4.0,30.0,Cafe,·  Dine-in  ·  Curbside pickup  ·  No-contact delivery,"Boulevard Slovenia 1000, Skopje 1000, North Macedonia",+389 71 305 107,8a.m.–12a.m.,8a.m.–12a.m.,8a.m.–12a.m.,8a.m.–12a.m.,8a.m.–1a.m.,8a.m.–1a.m.,8a.m.–12a.m.
71,Dzhutla Cafe,4.6,42.0,Cafe,·  Delivery,"2C47+PPG, Boulevard Ilinden, Skopje 1000, North Macedonia",,8a.m.–11p.m.,8a.m.–12p.m.,8a.m.–12p.m.,8a.m.–12p.m.,8a.m.–1p.m.,8a.m.–1p.m.,8a.m.–11p.m.
72,Bristot Coffee Shop,4.9,39.0,Coffee shop,·  Takeout,"MK MK, Kosturski Heroi 4, loc5 1000, North Macedonia",+389 78 450 130,8a.m.–5p.m.,8a.m.–5p.m.,8a.m.–5p.m.,8a.m.–5p.m.,8a.m.–5p.m.,9a.m.–5p.m.,Closed
73,Sunny side cafe,4.0,2.0,Coffee shop,·  Curbside pickup  ·  Delivery,"Bul Partizanski odredi br153/16 Skopje MK, 1000, North Macedonia",+389 78 323 662,,,,,,,
74,Classic,4.3,127.0,Cafe,·  Delivery,"Skopje 1000, North Macedonia",,8a.m.–12a.m.,8a.m.–12a.m.,8a.m.–12a.m.,8a.m.–12a.m.,8a.m.–12a.m.,8a.m.–12a.m.,8a.m.–12a.m.
75,Coffee & Friends,,,Cafe,,"Luj Paster 21, Skopje 1000, North Macedonia",+389 2 306 0152,8a.m.–12a.m.,8a.m.–12a.m.,8a.m.–12a.m.,8a.m.–12a.m.,8a.m.–12a.m.,8a.m.–12a.m.,Closed
76,Xheski cafe Lavazza,5.0,4.0,Cafe,,"MK, Pokriena Charshija, Skopje 1000, North Macedonia",+389 70 266 221,8a.m.–12a.m.,8a.m.–12a.m.,8a.m.–12a.m.,8a.m.–12a.m.,8a.m.–12a.m.,8a.m.–12a.m.,8a.m.–12a.m.
77,Cherry Bar,4.5,608.0,Cafe,·  Dine-in  ·  Delivery,"Rajko Zhinzifov, Skopje 1000, North Macedonia",+389 2 615 2666,9a.m.–12a.m.,9a.m.–12a.m.,9a.m.–12a.m.,9a.m.–12a.m.,9a.m.–1a.m.,9a.m.–1a.m.,9a.m.–12a.m.
78,Port Caffee Bar,4.3,36.0,Cafe,,"Aerodrom, Skopje, 1000, North Macedonia",+389 78 388 268,8a.m.–12a.m.,8a.m.–12a.m.,8a.m.–12a.m.,8a.m.–12a.m.,8a.m.–1a.m.,8a.m.–1a.m.,8a.m.–12a.m.
79,THREE MONKEYS,4.4,73.0,Coffee shop,·  Dine-in  ·  Takeout  ·  Delivery,"MK, Boulevard 8-mi Septemvri 7/6, Skopje 1000, North Macedonia",+389 70 804 903,,,,,,,
80,Krug Café,4.4,666.0,Cafe,·  Curbside pickup  ·  Delivery,"Naum Naumovski Borche 79, Skopje 1000, North Macedonia",+389 2 311 9447,8a.m.–12a.m.,8a.m.–12a.m.,8a.m.–12a.m.,8a.m.–12a.m.,8a.m.–12a.m.,8a.m.–12a.m.,8a.m.–12a.m.
81,Scoop Artisan Cafe,4.6,51.0,Pastry shop,·  Dine-in  ·  Takeout,"Parking lot, Orce Nikolov 155, Skopje 1000, North Macedonia",+389 2 306 6811,,,,,,,
82,"Bee Land Cafe, Restauran & Playground",4.4,142.0,Restaurant,·  Dine-in  ·  Takeout  ·  No-contact delivery,"Skopje 1000, North Macedonia",+389 70 796 952,9a.m.–1a.m.,9a.m.–1a.m.,9a.m.–1a.m.,9a.m.–1a.m.,9a.m.–1a.m.,9a.m.–1a.m.,9a.m.–1a.m.
83,Albion Café & Lounge Bar,4.3,76.0,Cafe,·  Delivery,"MK, Vtora Makedonska Brigada b.b, Skopje 1000, North Macedonia",+389 70 359 022,7a.m.–12p.m.,7a.m.–12p.m.,7a.m.–12p.m.,7a.m.–12p.m.,7a.m.–12p.m.,7a.m.–12p.m.,7a.m.–12p.m.
84,Chacha Cafe & Restaurant,4.5,431.0,Restaurant,·  Dine-in  ·  Takeout,"MK, Makedonsko Kosovska Brigada 11, Skopje 1000, North Macedonia",+389 75 225 200,8a.m.–12a.m.,8a.m.–12a.m.,8a.m.–12a.m.,8a.m.–12a.m.,8a.m.–12a.m.,8a.m.–12a.m.,8a.m.–8p.m.
85,Top Fox Cafe,4.4,324.0,Restaurant,·  Dine-in  ·  Takeout,"XFQG+VPG, Skopje 1000, North Macedonia",+389 2 246 4424,11a.m.–12a.m.,11a.m.–12a.m.,11a.m.–12a.m.,11a.m.–12a.m.,11a.m.–12a.m.,11a.m.–1a.m.,11a.m.–12a.m.
86,La Garage Cafe,4.2,43.0,Cafe,,"Boulevard Goce Delchev 14, Skopje 1000, North Macedonia",+389 75 221 599,8a.m.–5p.m.,8a.m.–5p.m.,8a.m.–5p.m.,8a.m.–5p.m.,8a.m.–5p.m.,8a.m.–5p.m.,Closed
87,Vinyl Coffee Bar,4.5,376.0,Cafe,·  Takeout  ·  Dine-in  ·  Delivery,"Park Ezerce, Skopje 1000, North Macedonia",+389 70 685 816,8a.m.–1a.m.,8a.m.–1a.m.,8a.m.–1a.m.,8a.m.–1a.m.,8a.m.–1a.m.,8a.m.–1a.m.,10a.m.–12a.m.
88,CAFFE TERASSA,5.0,4.0,Cafe,,"Skopje 1000, North Macedonia",,8a.m.–12a.m.,8a.m.–12a.m.,8a.m.–12a.m.,8a.m.–12a.m.,8a.m.–12a.m.,8a.m.–12a.m.,8a.m.–12a.m.
89,Coffee To Go,3.4,5.0,Cafe,·  Takeout  ·  Delivery,"XCRJ+QV6, Skopje 1000, North Macedonia",,8a.m.–5p.m.,8a.m.–5p.m.,8a.m.–5p.m.,8a.m.–5p.m.,8a.m.–5p.m.,8a.m.–5p.m.,Closed
90,Jadore cafe,4.0,1.0,Cafe,,"23-ти Октомври 18, Скопје 1000, North Macedonia",+389 70 224 384,8a.m.–12a.m.,8a.m.–12a.m.,8a.m.–12a.m.,8a.m.–12a.m.,8a.m.–1a.m.,8a.m.–1a.m.,8a.m.–12a.m.
91,Кактус БАР,4.1,177.0,Cafe,·  Dine-in  ·  Curbside pickup  ·  Delivery,"Skopje 1000, North Macedonia",+389 71 277 297,8a.m.–12a.m.,8a.m.–12a.m.,8a.m.–12a.m.,8a.m.–12a.m.,8a.m.–1a.m.,8a.m.–1a.m.,9a.m.–12a.m.
92,Apartman 18 Cafe&Bar,5.0,2.0,Coffee shop,·  Dine-in,"42.0004951, 21.4384038 Skopje MK, 1000, North Macedonia",+389 71 421 577,9a.m.–11:30p.m.,9a.m.–11:30p.m.,9a.m.–11:30p.m.,9a.m.–11:30p.m.,9a.m.–1a.m.,11a.m.–2a.m.,12–11:30p.m.
93,Marion Cafeteria,5.0,7.0,Cafe,,"Maksim Gorki 8, Skopje 1000, North Macedonia",,8a.m.–12a.m.,8a.m.–12a.m.,8a.m.–12a.m.,8a.m.–12a.m.,8a.m.–12a.m.,8a.m.–12a.m.,8a.m.–12a.m.
94,Src Nikola Karev,4.4,111.0,Cafe,·  Delivery,"Karposhevo Vostanie 4, Skopje 1000, North Macedonia",+389 71 393 141,8a.m.–12a.m.,8a.m.–12a.m.,8a.m.–12a.m.,8a.m.–12a.m.,8a.m.–1a.m.,8a.m.–1a.m.,9a.m.–12a.m.
95,Chloé café,4.9,8.0,Cafe,,"ul, Orce Nikolov 93, Skopje 1000, North Macedonia",+389 70 266 655,7:30a.m.–12a.m.,7:30a.m.–12a.m.,7:30a.m.–12a.m.,7:30a.m.–12a.m.,7:30a.m.–1a.m.,8:30a.m.–1a.m.,8:30a.m.–12a.m.
96,Kismet Cafe,4.6,11.0,Cafe,,"Kurcinska Üsküp MK, 1000, North Macedonia",+389 71 297 719,9a.m.–12a.m.,9a.m.–12a.m.,9a.m.–12a.m.,9a.m.–12a.m.,9a.m.–1a.m.,9a.m.–1a.m.,9a.m.–12a.m.
97,Heart Bar Skopje,4.5,193.0,Bar,·  Dine-in,"MK, Naum Naumovski Borche 50-1/1, Skopje 1000, North Macedonia",+389 70 250 964,8a.m.–1a.m.,8a.m.–1a.m.,8a.m.–1a.m.,8a.m.–1a.m.,8a.m.–1a.m.,8a.m.–1a.m.,8a.m.–1a.m.
98,Pera Cafe,5.0,3.0,Cafe,,"XCXP+V7R, Skopje 1000, North Macedonia",+389 71 701 645,8a.m.–12a.m.,8a.m.–12a.m.,8a.m.–12a.m.,8a.m.–12a.m.,8a.m.–12a.m.,8a.m.–12a.m.,8a.m.–12a.m.
99,LARES Waffle Caffe,3.0,2.0,Coffee shop,·  Takeout,"Bitpazarska 3/1-12, Skopje, Skopie 1000, Bitpazarska, Skopje, Skopje 1000, North Macedonia",+389 71 602 512,9a.m.–12a.m.,9a.m.–12a.m.,9a.m.–12a.m.,9a.m.–12a.m.,9a.m.–12a.m.,9a.m.–12a.m.,9a.m.–12a.m.
100,La Cafeteria,4.7,6.0,Bar,,"Boulevard 8mi Septemvri br.18, Skopje 1000, North Macedonia",+389 71 334 041,8a.m.–6p.m.,8a.m.–6p.m.,8a.m.–6p.m.,8a.m.–6p.m.,8a.m.–6p.m.,9a.m.–2p.m.,9a.m.–2p.m.
101,Гарф,4.5,125.0,Cafe,·  Dine-in  ·  Takeout  ·  Delivery,"1000, Skopje, North Macedonia",+389 70 411 412,8a.m.–12a.m.,8a.m.–12a.m.,8a.m.–12a.m.,8a.m.–12a.m.,8a.m.–12a.m.,8a.m.–12a.m.,8a.m.–12a.m.
102,Sport Caffe,4.4,23.0,Cafe,,"XCPX+6WP, Franjo Kluz, Skopje 1000, North Macedonia",+389 75 442 044,2–11:59p.m.,2–11:59p.m.,2–11:59p.m.,2–11:59p.m.,2p.m.–1a.m.,2p.m.–1a.m.,Closed
103,Mikel Coffee,4.4,243.0,Coffee shop,·  Dine-in  ·  Takeout,"Centar Skopje, 1000, North Macedonia",,8a.m.–12a.m.,8a.m.–12a.m.,8a.m.–12a.m.,8a.m.–12a.m.,8a.m.–12a.m.,8a.m.–12a.m.,8a.m.–12a.m.
104,New York Caffe,5.0,1.0,Cafe,,"Кеј 13ти Ноември 8, Skopje 1000, North Macedonia",+389 70 217 087,9a.m.–12p.m.,9a.m.–12p.m.,9a.m.–12p.m.,9a.m.–12p.m.,9a.m.–1p.m.,9a.m.–1p.m.,10a.m.–12p.m.
105,Cafe Bar Desert Rose,4.7,3.0,Cafe,·  Delivery,"XFMM+4M7, Fevruarski Pohod, Skopje 1000, North Macedonia",+389 75 337 379,10a.m.–12a.m.,10a.m.–12a.m.,10a.m.–12a.m.,10a.m.–12a.m.,10a.m.–1a.m.,10a.m.–1a.m.,10a.m.–12a.m.
106,Corsso,4.4,163.0,Cafe,·  Delivery,"XCRH+XPV, Skopje 1000, North Macedonia",,8a.m.–12a.m.,8a.m.–12a.m.,8a.m.–12a.m.,8a.m.–12a.m.,8a.m.–1a.m.,8a.m.–1a.m.,8a.m.–12a.m.
107,Joy Café & Bakery,4.8,4.0,Bakery,,"Vasil Gjorgov 21, Skopje 1000, North Macedonia",,7:30a.m.–6p.m.,7:30a.m.–6p.m.,7:30a.m.–6p.m.,7:30a.m.–6p.m.,7:30a.m.–6p.m.,8a.m.–4p.m.,9a.m.–4p.m.
108,Insta Cafe,4.4,213.0,Bar,,"Pirinska 48, Skopje 1000, North Macedonia",+389 70 489 000,8:30a.m.–12a.m.,8:30a.m.–12a.m.,8:30a.m.–12a.m.,8:30a.m.–12a.m.,8:30a.m.–1a.m.,8:30a.m.–1a.m.,9:30a.m.–12a.m.
109,Craft Coffee Shop,,,Coffee shop,·  Dine-in  ·  Curbside pickup  ·  Delivery,"Лазар Трповски, Skopje 1000, North Macedonia",+389 71 665 555,7a.m.–11:30p.m.,7a.m.–11:30p.m.,7a.m.–11:30p.m.,7a.m.–11:30p.m.,7a.m.–11:30p.m.,7a.m.–11:30p.m.,7a.m.–11:30p.m.
110,KULT kafe,4.6,7.0,Coffee shop,,"Orce Nikolov 133, Skopje 1000, North Macedonia",+389 70 349 947,8a.m.–12a.m.,8a.m.–12a.m.,8a.m.–12a.m.,8a.m.–12a.m.,8a.m.–1a.m.,8a.m.–1a.m.,Closed
111,"Cafe bar ""Te Cari""",4.5,2.0,Cafe,·  Delivery,"W9W2+MFF, Chiflik, North Macedonia",,9a.m.–11p.m.,9a.m.–11p.m.,9a.m.–11p.m.,9a.m.–11p.m.,9a.m.–11p.m.,9a.m.–11p.m.,11a.m.–11p.m.
112,Kafe Bond,5.0,2.0,Cafe,·  Curbside pickup  ·  Delivery,"ul, Arhiepiskop Angelarij, 1a 1000, North Macedonia",+389 70 423 424,8a.m.–12a.m.,8a.m.–12a.m.,8a.m.–12a.m.,8a.m.–12a.m.,8a.m.–1a.m.,8a.m.–12a.m.,8a.m.–12a.m.
113,Cafe FK Rabotnichki,4.0,1.0,Cafe,,"Basketball Club Rabotnichki, Skopje 1000, North Macedonia",,,,,,,,
114,Velo,5.0,9.0,Cafe,,"1000, Skopje, North Macedonia",,10a.m.–10p.m.,10a.m.–10p.m.,10a.m.–10p.m.,10a.m.–10p.m.,10a.m.–10p.m.,10a.m.–10p.m.,10a.m.–10p.m.
115,MOIA Coffee & Cakes,5.0,5.0,Coffee shop,·  Dine-in  ·  Takeout  ·  Delivery,"Boulevard 8-mi Septemvri, Skopje 1000, North Macedonia",,9a.m.–11p.m.,9a.m.–11p.m.,9a.m.–11p.m.,9a.m.–11p.m.,9a.m.–11p.m.,9a.m.–11p.m.,11a.m.–7p.m.
116,VENI cafe-bar,4.3,108.0,Cafeteria,,"Branko Zarevski ББ лок. бр 8 Skopje MK, 1050, North Macedonia",,10a.m.–12a.m.,10a.m.–12a.m.,10a.m.–12a.m.,10a.m.–12a.m.,10a.m.–12a.m.,10a.m.–12a.m.,10a.m.–12a.m.
117,Trocadero,5.0,2.0,Cafe,,"1000, Leninova 29, Skopje 1000, North Macedonia",,9a.m.–11p.m.,9a.m.–11p.m.,9a.m.–11p.m.,9a.m.–11p.m.,9a.m.–11p.m.,9a.m.–11p.m.,9a.m.–11p.m.
118,Balloon Caffe & Bar,4.7,101.0,Art cafe,,"Todor Panica 7-1, Skopje 1000, North Macedonia",+389 75 208 034,9a.m.–12a.m.,9a.m.–12a.m.,9a.m.–12a.m.,9a.m.–12a.m.,9a.m.–1a.m.,9a.m.–1a.m.,10a.m.–12a.m.
119,cafe: de Namur,5.0,1.0,Cafe,,"2CFR+MGP, Tale Hristov, Skopje 1000, North Macedonia",,,,,,,,
120,Cafe Bar Tehnogas,5.0,4.0,Cafe,,"28JV+C3R, Unnamed Road, Skopje, North Macedonia",,Open 24 hours,Open 24 hours,Open 24 hours,Open 24 hours,Open 24 hours,Open 24 hours,Open 24 hours
121,Sector 6,5.0,8.0,,,"Samoilova, Skopje 1000, North Macedonia",,10a.m.–11:30p.m.,10a.m.–11:30p.m.,10a.m.–11:30p.m.,10a.m.–11:30p.m.,10a.m.–11:30p.m.,10a.m.–11:30p.m.,10a.m.–11:30p.m.
122,Garden Cafe & Restaurant,4.6,8.0,Restaurant,·  Dine-in  ·  Takeout,"Chair, Skopje skopje MK, 1000, North Macedonia",+389 70 687 363,9a.m.–12a.m.,9a.m.–12a.m.,9a.m.–12a.m.,9a.m.–12a.m.,9a.m.–12a.m.,9a.m.–12a.m.,9a.m.–11:30p.m.
123,Tractor Cafe,4.4,7.0,Cafe,·  Delivery,"XFFH+H7J, Dimitar Blagoev, Skopje 1000, North Macedonia",,Closed,8a.m.–9p.m.,8a.m.–9p.m.,8a.m.–9p.m.,8a.m.–9p.m.,8a.m.–9p.m.,Closed
124,Caffe nuro,,,Cafe,·  Dine-in  ·  Curbside pickup  ·  Delivery,"Anton Popov Skopje MK, 1000, North Macedonia",,,,,,,,
125,Gani Caffe,5.0,1.0,Coffee shop,,"2C9V+2FX, Skopje 1000, North Macedonia",,,,,,,,
126,Leaf Cafe,4.3,230.0,Catering food and drink supplier,,"MK, Boulevard 8-mi Septemvri, Skopje 1000, North Macedonia",+389 75 264 666,8a.m.–10p.m.,8a.m.–10p.m.,8a.m.–10p.m.,8a.m.–10p.m.,8a.m.–10p.m.,9a.m.–10p.m.,9a.m.–10p.m.
127,Kotur,4.8,436.0,Cultural association,,"Nikola Vapcarov nb.7, Skopje 1000, North Macedonia",+389 78 357 896,8a.m.–12a.m.,8a.m.–12a.m.,8a.m.–12a.m.,8a.m.–12a.m.,8a.m.–1a.m.,9a.m.–1a.m.,9a.m.–12a.m.
128,02 mr coffe bar,5.0,5.0,Coffee shop,,"centar vasil glavinov 10 skopje MK, 1000, North Macedonia",,,,,,,,
129,Kiosk Cafe & Bakery,3.0,2.0,Bakery,·  In-store shopping,"Ul. Leninova br.60, Skopje 1000, North Macedonia",+389 79 201 979,8a.m.–4p.m.,8a.m.–4p.m.,8a.m.–4p.m.,8a.m.–4p.m.,8a.m.–4p.m.,10a.m.–4p.m.,Closed
130,Bravo Cafe,4.6,158.0,Bar,·  Delivery,"XCXC+H5C, Shopping Mall Bunjakovec, Vladimir Polezhanovski Road, Skopje, Skopje, North Macedonia",,8a.m.–1a.m.,8a.m.–1a.m.,8a.m.–1a.m.,8a.m.–1a.m.,8a.m.–1a.m.,8a.m.–1a.m.,6:30p.m.–1a.m.
131,Mozzart Bet,4.4,13.0,Cafe,,"Vostanichka 31, Skopje 1000, North Macedonia",+389 2 329 6155,9a.m.–12a.m.,9a.m.–12a.m.,9a.m.–12a.m.,9a.m.–12a.m.,9a.m.–12a.m.,9a.m.–12a.m.,9a.m.–12a.m.
132,Shkup veri,,,Coffee shop,,"2CCQ+QVJ, Skopje 1000, North Macedonia",,,,,,,,
133,Coffe Barcelona Saraj,5.0,8.0,Cafe,,"Ul 20 Skopje MK, 1000, North Macedonia",+389 72 673 790,6a.m.–12a.m.,6a.m.–12a.m.,6a.m.–12a.m.,6a.m.–12a.m.,6a.m.–12a.m.,6a.m.–12a.m.,6a.m.–12a.m.
134,Kafe*Arra*SaRaj,4.2,18.0,Cafe,·  Delivery,"X8XG+HQ2, Skopje 1062, North Macedonia",+389 71 688 875,7p.m.–10a.m.,7p.m.–10a.m.,7p.m.–10a.m.,7p.m.–10a.m.,7p.m.–10a.m.,7p.m.–10a.m.,7p.m.–10a.m.
135,Mickitos Cocktails & Coffee,4.7,128.0,Coffee store,,"Ulica Filip II, Skopje 1000 Skopje MK, 1000, North Macedonia",+389 71 396 747,,,,,,,
136,Play Caffe,4.5,322.0,Bar,·  Delivery,"XCVJ+222, Boulevard Macedonia, Skopje 1000, North Macedonia",+389 77 692 533,9a.m.–12a.m.,9a.m.–12a.m.,9a.m.–12a.m.,9a.m.–12a.m.,9a.m.–1a.m.,9a.m.–1a.m.,9a.m.–12a.m.
137,Pogon,4.7,133.0,Bar,·  Dine-in  ·  Takeout,"MK, Jurij Gagarin 51/1, Skopje 1000, North Macedonia",+389 70 423 023,8a.m.–12a.m.,8a.m.–12a.m.,8a.m.–12a.m.,8a.m.–12a.m.,8a.m.–1a.m.,8a.m.–1a.m.,8a.m.–12a.m.
138,Sindikat Cafe Bar,4.6,606.0,Bar,·  Takeout  ·  Dine-in  ·  Delivery,"Орце Николов 97, Скопје 1000, North Macedonia",,8a.m.–12a.m.,8a.m.–12a.m.,8a.m.–12a.m.,8a.m.–12a.m.,8a.m.–1a.m.,9a.m.–1a.m.,9a.m.–12a.m.
139,Palma Café,4.9,16.0,Coffee shop,,"P402 1060, Skopje 1000, North Macedonia",,6a.m.–12p.m.,6a.m.–12p.m.,6a.m.–12p.m.,6a.m.–12p.m.,6a.m.–12p.m.,6a.m.–12p.m.,6a.m.–12p.m.
140,Van Gogh Bar,4.6,569.0,Bar,·  Takeout  ·  Dine-in  ·  Delivery,"MK, Mihail Cokov 4, Skopje 1000, North Macedonia",+389 2 312 1876,8a.m.–12a.m.,8a.m.–12a.m.,8a.m.–12a.m.,8a.m.–12a.m.,8a.m.–1a.m.,9a.m.–1a.m.,8a.m.–12a.m.
141,Pogon,4.7,133.0,Bar,·  Dine-in  ·  Takeout,"MK, Jurij Gagarin 51/1, Skopje 1000, North Macedonia",+389 70 423 023,8a.m.–12a.m.,8a.m.–12a.m.,8a.m.–12a.m.,8a.m.–12a.m.,8a.m.–1a.m.,8a.m.–1a.m.,8a.m.–12a.m.
142,Speakeasy Bar,4.7,243.0,Cocktail bar,·  Curbside pickup  ·  No-contact delivery  ·  Dine-in,"MK, Naum Naumovski Borche, Skopje 1000, North Macedonia",+389 78 417 996,4p.m.–12a.m.,4p.m.–12a.m.,4p.m.–12a.m.,4p.m.–12a.m.,4p.m.–1a.m.,5p.m.–1a.m.,4p.m.–12a.m.
143,Garson,4.4,385.0,Live music bar,·  Curbside pickup  ·  Delivery,"XCWH+622, Skopje 1000, North Macedonia",,8a.m.–12a.m.,8a.m.–12a.m.,8a.m.–12a.m.,8a.m.–12a.m.,8a.m.–1a.m.,8a.m.–1a.m.,8a.m.–12a.m.
144,Mr. Jack,4.5,568.0,Bar,·  Delivery,"Maksim Gorki 8, Skopje 1000, North Macedonia",+389 2 323 1999,8a.m.–1a.m.,8a.m.–1a.m.,8a.m.–1a.m.,8a.m.–1a.m.,8a.m.–1a.m.,8a.m.–1a.m.,8a.m.–1a.m.
145,Nano,4.4,207.0,Bar,·  Delivery,"Antonie Grubishich 2, Skopje 1000, North Macedonia",+389 78 246 418,7:30a.m.–12a.m.,7:30a.m.–12a.m.,7:30a.m.–12a.m.,7:30a.m.–12a.m.,7:30a.m.–1a.m.,8a.m.–1a.m.,8a.m.–12a.m.
146,Rakija Bar Kaldrma,4.6,308.0,Bar,·  Curbside pickup  ·  Delivery,"XCXP+W8V, Jorgandziska, Skopje 1000, North Macedonia",+389 2 311 6775,9a.m.–12a.m.,9a.m.–12a.m.,9a.m.–12a.m.,9a.m.–12a.m.,9a.m.–1a.m.,9a.m.–1a.m.,9a.m.–12a.m.
147,Shot Bar Bezisten,4.6,5.0,Bar,,"Pokriena Charshija 37b, Skopje 1000, North Macedonia",,9a.m.–12a.m.,9a.m.–12a.m.,9a.m.–12a.m.,9a.m.–12a.m.,9a.m.–1a.m.,9a.m.–1a.m.,9a.m.–12a.m.
148,All day bar - Skopje,4.5,62.0,Bar,,"Rruga e Bit Pazarit 15, Skopie 1000, North Macedonia",+389 78 228 756,8a.m.–12a.m.,8a.m.–12a.m.,8a.m.–12a.m.,8a.m.–12a.m.,8a.m.–1a.m.,8:30a.m.–1a.m.,9a.m.–12a.m.
149,Kasha Bar,4.7,399.0,Pub,·  Dine-in  ·  Curbside pickup  ·  Delivery,"Karposh, Skopje, 1000, North Macedonia",+389 2 307 4060,9a.m.–12a.m.,9a.m.–12a.m.,9a.m.–12a.m.,9a.m.–12a.m.,9a.m.–1a.m.,9a.m.–1a.m.,9a.m.–6p.m.
150,Центар Бар,4.3,882.0,Bar,·  Dine-in  ·  Takeout,"Dimitrie Cupovski 13, Skopje 1000, North Macedonia",+389 2 609 1100,9a.m.–1a.m.,9a.m.–1a.m.,9a.m.–1a.m.,9a.m.–1a.m.,9a.m.–1a.m.,9a.m.–1a.m.,Closed
151,Heart Bar Skopje,4.5,193.0,Bar,·  Dine-in,"MK, Naum Naumovski Borche 50-1/1, Skopje 1000, North Macedonia",+389 70 250 964,8a.m.–1a.m.,8a.m.–1a.m.,8a.m.–1a.m.,8a.m.–1a.m.,8a.m.–1a.m.,8a.m.–1a.m.,8a.m.–1a.m.
152,St. Patrick,4.4,2196.0,Irish pub,·  Dine-in  ·  Takeout,"Кеј 13-ти Ноември 8, Skopje 1000, North Macedonia",+389 2 325 6337,8a.m.–12a.m.,8a.m.–12a.m.,8a.m.–12a.m.,8a.m.–12a.m.,8a.m.–1a.m.,8a.m.–1a.m.,8a.m.–12a.m.
153,Custom pub,4.6,418.0,Cafe,·  Dine-in  ·  Delivery,"MK, Boulevard VMRO, Skopje 1000, North Macedonia",+389 71 394 941,8a.m.–12a.m.,8a.m.–12a.m.,8a.m.–12a.m.,8a.m.–12a.m.,8a.m.–1a.m.,9a.m.–1a.m.,10a.m.–12a.m.
154,Konak,4.7,318.0,Bar,·  Curbside pickup  ·  Delivery,"Borka Talevski 53, Skopje 1000, North Macedonia",+389 2 609 0879,9a.m.–12a.m.,9a.m.–12a.m.,9a.m.–12a.m.,9a.m.–12a.m.,9a.m.–12a.m.,12p.m.–12a.m.,5p.m.–12a.m.
155,Drinkers Paradise Bar - Cocktail Bar,4.3,71.0,Cocktail bar,·  Curbside pickup  ·  Delivery,"Булевар Партизански Одреди 17 (спроти Соборна MK, Blvd. Partizanski Odredi 17, Skopje 1000, North Macedonia",,8a.m.–12a.m.,8a.m.–12a.m.,8a.m.–12a.m.,8a.m.–12a.m.,8a.m.–1a.m.,8a.m.–1a.m.,Closed
156,Roosevelt,4.5,484.0,Bar,·  Curbside pickup  ·  Dine-in  ·  Delivery,"Franklin Ruzvelt 51, Skopje 1000, North Macedonia",,8a.m.–12a.m.,8a.m.–12a.m.,8a.m.–12a.m.,8a.m.–12a.m.,8a.m.–1a.m.,8a.m.–1a.m.,8a.m.–12a.m.
157,Casa,4.4,366.0,Bar,·  Curbside pickup  ·  Delivery,"309 6, Skopje 1000, North Macedonia",,8a.m.–12a.m.,8a.m.–12a.m.,8a.m.–12a.m.,8a.m.–12a.m.,8a.m.–1a.m.,9a.m.–1a.m.,9a.m.–12a.m.
158,Wine bar Kaldrma,4.7,34.0,Bar,·  Dine-in  ·  Delivery,"Arhiepiskop Angelarij 7, Skopje 1000 MK, Skopje 1000, North Macedonia",+389 78 336 137,12p.m.–1a.m.,12p.m.–1a.m.,12p.m.–2a.m.,12p.m.–1a.m.,12p.m.–4a.m.,12p.m.–5a.m.,12p.m.–1a.m.
159,Plat Bar,4.6,54.0,Bar,·  Delivery,"Анкарска 23 2 MK, 1000, North Macedonia",,8a.m.–12a.m.,8a.m.–12a.m.,8a.m.–12a.m.,8a.m.–12a.m.,8a.m.–1a.m.,8a.m.–1a.m.,8a.m.–12a.m.
160,Chillin' Bar,4.7,248.0,Bar,·  Delivery,"MK, Orce Nikolov 145, Skopje 1000, North Macedonia",+389 2 312 3005,8a.m.–1a.m.,8a.m.–1a.m.,8a.m.–1a.m.,8a.m.–1a.m.,8a.m.–1a.m.,9a.m.–1a.m.,9a.m.–1a.m.
161,Caffe Bar 8,4.5,23.0,Restaurant,·  Delivery,"Bitpazarska 58, Skopje 1000, North Macedonia",+389 70 383 188,9a.m.–12a.m.,9a.m.–12a.m.,9a.m.–12a.m.,9a.m.–12a.m.,9a.m.–12a.m.,9a.m.–12a.m.,5p.m.–12a.m.
162,MAKKA Bar,4.8,55.0,Bar,,"Boulevard Saint Clement of Ohrid 60, Skopje 1000, North Macedonia",+389 70 426 789,8a.m.–12a.m.,8a.m.–12a.m.,8a.m.–12a.m.,8a.m.–12a.m.,8a.m.–1a.m.,9a.m.–1a.m.,9a.m.–12a.m.
163,Sindikat Cafe Bar,4.6,606.0,Bar,·  Takeout  ·  Dine-in  ·  Delivery,"Орце Николов 97, Скопје 1000, North Macedonia",,8a.m.–12a.m.,8a.m.–12a.m.,8a.m.–12a.m.,8a.m.–12a.m.,8a.m.–1a.m.,9a.m.–1a.m.,9a.m.–12a.m.
164,N Bar Bar,5.0,17.0,Bar,,"Petar Pop Arsov 14a, Skopje 1000, Petar Pop Arsov 14a, Skopje 1000, North Macedonia",+389 70 241 468,9a.m.–12a.m.,9a.m.–12a.m.,9a.m.–12a.m.,9a.m.–12a.m.,9a.m.–12a.m.,9a.m.–12a.m.,9a.m.–12a.m.
165,Intermezzo,4.5,565.0,Bar,·  Delivery,"XCV7+VJW, Naroden Front, Skopje 1000, North Macedonia",+389 70 268 454,8a.m.–12a.m.,8a.m.–12a.m.,8a.m.–12a.m.,8a.m.–12a.m.,8a.m.–1a.m.,8a.m.–1a.m.,8a.m.–12a.m.
166,Legend Pub - Skopje,4.8,43.0,Pub,·  Delivery,"Borka Talevski 55, Skopje 1000, North Macedonia",+389 75 454 554,10a.m.–12a.m.,10a.m.–12a.m.,10a.m.–12a.m.,10a.m.–12a.m.,10a.m.–1a.m.,10a.m.–1a.m.,7p.m.–12a.m.
167,RADIOBAR,4.5,613.0,Bar,·  Curbside pickup  ·  Delivery,"Pirinska 52, Skopje 1000, North Macedonia",,8a.m.–12a.m.,8a.m.–12a.m.,8a.m.–12a.m.,8a.m.–12a.m.,8a.m.–1a.m.,9a.m.–1a.m.,10a.m.–12a.m.
168,Capri Coffee Bar,4.6,566.0,Cafe,·  Takeout  ·  Delivery,"MK, Атинска 25, Skopje 1000, North Macedonia",+389 71 365 535,8:30a.m.–1a.m.,8:30a.m.–1a.m.,8:30a.m.–1a.m.,8:30a.m.–1a.m.,8:30a.m.–1a.m.,8:30a.m.–1a.m.,9a.m.–1a.m.
169,Kino Karposh,4.5,827.0,Bar,·  Curbside pickup  ·  Delivery,"2C29+C3C, Radnjanska, Skopje 1000, North Macedonia",+389 2 321 3515,8a.m.–12a.m.,8a.m.–12a.m.,8a.m.–12a.m.,8a.m.–12a.m.,8a.m.–1a.m.,9a.m.–1a.m.,9:30a.m.–12a.m.
170,BKC Bar,4.9,10.0,Bar,·  Dine-in,"MK, Blvd. Partizanski Odredi 29, Skopje 1000, North Macedonia",,12p.m.–12a.m.,12p.m.–12a.m.,12p.m.–12a.m.,12p.m.–12a.m.,12p.m.–1a.m.,12p.m.–1a.m.,6p.m.–12a.m.
171,Cherry Bar,4.5,608.0,Cafe,·  Dine-in  ·  Delivery,"Rajko Zhinzifov, Skopje 1000, North Macedonia",+389 2 615 2666,9a.m.–12a.m.,9a.m.–12a.m.,9a.m.–12a.m.,9a.m.–12a.m.,9a.m.–1a.m.,9a.m.–1a.m.,9a.m.–12a.m.
172,Marvel Coffee Bar,4.5,272.0,Bar,·  Delivery,"Nikola Tesla 9, Skopje 1000, North Macedonia",,8a.m.–12a.m.,8a.m.–12a.m.,8a.m.–12a.m.,8a.m.–12a.m.,8a.m.–12a.m.,8a.m.–12a.m.,8a.m.–12a.m.
173,BKW Hybrid Bar,4.4,706.0,Bar,·  Dine-in  ·  Takeout,"MK, New Delhi Rd 13, Skopje 1000, North Macedonia",+389 71 216 348,8a.m.–12a.m.,8a.m.–12a.m.,8a.m.–12a.m.,8a.m.–12a.m.,8a.m.–12a.m.,8a.m.–1a.m.,8a.m.–2a.m.
174,Pravda,4.1,207.0,Bar,,"Leninova 38, Skopje 1000, North Macedonia",+389 76 483 355,9a.m.–12a.m.,9a.m.–12a.m.,9a.m.–12a.m.,9a.m.–12a.m.,9a.m.–1a.m.,9a.m.–1a.m.,9a.m.–12a.m.
175,Amok Bar,4.3,49.0,Bar,·  Takeout,"Bul. Partizanski Odredi 1 - 10/4 Skopje MK, 1000, North Macedonia",,Closed,10a.m.–12a.m.,10a.m.–12a.m.,10a.m.–12a.m.,10a.m.–1a.m.,10a.m.–1a.m.,5–10p.m.
176,Clique Bar,3.4,8.0,Bar,,"XCXP+RMQ, Казанџиска, Skopje 1000, North Macedonia",,8a.m.–12a.m.,8a.m.–12a.m.,8a.m.–12a.m.,8a.m.–12a.m.,8a.m.–12a.m.,9a.m.–12a.m.,9a.m.–11p.m.
177,Vinyl Coffee Bar,4.5,376.0,Cafe,·  Takeout  ·  Dine-in  ·  Delivery,"Park Ezerce, Skopje 1000, North Macedonia",+389 70 685 816,8a.m.–1a.m.,8a.m.–1a.m.,8a.m.–1a.m.,8a.m.–1a.m.,8a.m.–1a.m.,8a.m.–1a.m.,10a.m.–12a.m.
178,Rock Bar Old School,4.6,288.0,Bar,·  Dine-in  ·  Curbside pickup  ·  Delivery,"ul. 31, br 17, Skopje 1000, North Macedonia",+389 77 539 955,10a.m.–12a.m.,10a.m.–12a.m.,10a.m.–12a.m.,10a.m.–12a.m.,10a.m.–1a.m.,10a.m.–1a.m.,4p.m.–12a.m.
179,El Cabron Wine Bar,4.9,14.0,Wine bar,·  Dine-in  ·  Curbside pickup  ·  No-contact delivery,"Franklin Ruzvelt 63A, Skopje 1000, North Macedonia",+389 71 234 553,8a.m.–12a.m.,8a.m.–12a.m.,8a.m.–12a.m.,8a.m.–12a.m.,8a.m.–1a.m.,8a.m.–1a.m.,8a.m.–12a.m.
180,Coffee & Lounge Bar STERNA,4.6,28.0,Bar,·  Dine-in,"New Delhi Rd 7, Skopje 1000 MK, 1000, North Macedonia",,8a.m.–9p.m.,8a.m.–9p.m.,8a.m.–9p.m.,8a.m.–9p.m.,8a.m.–9p.m.,8a.m.–9p.m.,Closed
181,Temov brewery,4.3,940.0,Brewpub,·  Dine-in,"Samoilova, Skopje 1000, North Macedonia",+389 75 235 782,9a.m.–12a.m.,9a.m.–12a.m.,9a.m.–12a.m.,9a.m.–12a.m.,9a.m.–1a.m.,9a.m.–1a.m.,9a.m.–12a.m.
182,Kolektiv,4.4,762.0,Restaurant,·  Dine-in  ·  Takeout,"11th October, Square Macedonia, Skopje 1000, North Macedonia",+389 2 314 4345,8a.m.–12a.m.,8a.m.–12a.m.,8a.m.–12a.m.,8a.m.–12a.m.,8a.m.–12a.m.,8a.m.–12a.m.,8a.m.–12a.m.
183,Neno's Cocktail Bar,5.0,1.0,Bar,,"Ivan Agovski 8, Skopje 1000, North Macedonia",,,,,,,,
184,Kotur,4.8,436.0,Cultural association,,"Nikola Vapcarov nb.7, Skopje 1000, North Macedonia",+389 78 357 896,8a.m.–12a.m.,8a.m.–12a.m.,8a.m.–12a.m.,8a.m.–12a.m.,8a.m.–1a.m.,9a.m.–1a.m.,9a.m.–12a.m.
185,Aloha,5.0,1.0,Bar,,"Unnamed Road, Skopie 1000, North Macedonia",,,,,,,,
186,Pub Porta,4.6,190.0,Pub,·  Dine-in  ·  Takeout  ·  No-contact delivery,"Bul. Partizanski Odredi 21/A2-1 MK, Skopje 1000, North Macedonia",+389 71 768 010,9a.m.–12a.m.,9a.m.–12a.m.,9a.m.–12a.m.,9a.m.–12a.m.,9a.m.–1a.m.,9a.m.–1a.m.,Closed
187,Shakespeare Coffee Bar,4.6,125.0,Cafe,·  Curbside pickup  ·  Delivery,"Blvd. Partizanski Odredi 23, lok.4, Skopje; 1000, Skopje, North Macedonia",+389 78 217 435,,,,,,,
188,Bistro „Komedija“,4.3,210.0,Bar,·  Delivery,"MK, Boulevard Saint Clement of Ohrid 31, Skopje 1000, North Macedonia",,8a.m.–12a.m.,8a.m.–12a.m.,8a.m.–12a.m.,8a.m.–12a.m.,8a.m.–1a.m.,9a.m.–1a.m.,9a.m.–12a.m.
189,Млечен бар,4.6,114.0,Bar,·  Dine-in  ·  Takeout,"MK, Ankarska 21, Skopje 1000, North Macedonia",+389 70 303 603,8a.m.–12a.m.,8a.m.–12a.m.,8a.m.–12a.m.,8a.m.–12a.m.,8a.m.–1a.m.,8a.m.–1a.m.,8a.m.–1a.m.
190,Craft Brewery Temov @ Kolektiv,4.3,89.0,Pub,·  Delivery,"11th October, No1, Skopje 1000, North Macedonia",+389 2 321 3099,8a.m.–12a.m.,8a.m.–12a.m.,8a.m.–12a.m.,8a.m.–12a.m.,8a.m.–1a.m.,Closed,8a.m.–12a.m.
191,Kozara Bar,5.0,11.0,Bar,,"Kozara 32, Skopje 1000, 1000, North Macedonia",+389 75 449 416,5p.m.–12a.m.,5p.m.–12a.m.,5p.m.–12a.m.,5p.m.–12a.m.,5p.m.–12a.m.,12p.m.–12a.m.,12p.m.–12a.m.
192,Pub 18,4.4,311.0,Pub,·  Dine-in,"Orce Nikolov 139, Skopje 1000, North Macedonia",+389 72 255 850,8a.m.–12a.m.,8a.m.–12a.m.,8a.m.–12a.m.,8a.m.–12a.m.,8a.m.–1a.m.,8a.m.–1a.m.,10a.m.–8p.m.
193,Galerija 8 Papilon Bar,4.4,7.0,Bar,,"2C2P+MQ4, Salih Asim, Skopje 1000, North Macedonia",,10a.m.–12a.m.,10a.m.–12a.m.,10a.m.–12a.m.,10a.m.–12a.m.,10a.m.–12a.m.,10a.m.–12a.m.,10a.m.–12a.m.
194,Caffe Bar Iv 1992,5.0,2.0,Bar,,"Leninova 64, Skopje 1000, North Macedonia",+389 78 290 004,7a.m.–1a.m.,7a.m.–1a.m.,7a.m.–1a.m.,7a.m.–1a.m.,7a.m.–1a.m.,9a.m.–1a.m.,4p.m.–1a.m.
195,Skopje bar crawl,4.7,24.0,Tourist attraction,,"Macedonia St, Skopje 1000, North Macedonia",+389 77 791 899,,,,,,,
196,Why Not Bar,5.0,1.0,Bar,,"Boulevard Partizanski Odredi nr. 21, Skopje 1000, North Macedonia",+389 71 393 767,7p.m.–1a.m.,7p.m.–1a.m.,7p.m.–1a.m.,7p.m.–1a.m.,7p.m.–1a.m.,7p.m.–1a.m.,Closed
197,Baraka Lounge Bar,4.2,30.0,Bar,,"Leninova 38, Skopje 1000, North Macedonia",+389 75 238 727,8a.m.–12a.m.,8a.m.–12a.m.,8a.m.–12a.m.,8a.m.–12a.m.,9a.m.–1a.m.,9a.m.–1a.m.,8a.m.–12a.m.
198,PASTEUR Coffee & Music Laboratory,4.8,36.0,Bar,,"Todor Aleksandrov Parking Garage, Vasil Glavinov, Skopje 1000, North Macedonia",,8a.m.–12a.m.,8a.m.–12a.m.,8a.m.–12a.m.,8a.m.–12a.m.,8a.m.–1a.m.,8a.m.–1a.m.,Closed
199,Rakija Bar Stara Kaldrma,3.6,5.0,Bar,,"Arhiepiskop Angelarij, Skopje 1000, North Macedonia",+389 79 218 900,8a.m.–12a.m.,8a.m.–12a.m.,8a.m.–12a.m.,8a.m.–12a.m.,8a.m.–1a.m.,9a.m.–1a.m.,9a.m.–12a.m.
200,Mosh,4.1,434.0,Bar,·  Dine-in  ·  Delivery,"MK, Debarca 2, Skopje 1000, North Macedonia",,8a.m.–1a.m.,8a.m.–1a.m.,8a.m.–1a.m.,8a.m.–1a.m.,8a.m.–1a.m.,8a.m.–1a.m.,Closed
201,Distrikt,4.5,772.0,Restaurant,·  Dine-in  ·  Takeout  ·  Delivery,"Plostad Makedonija 7, Skopje 1000, North Macedonia",+389 71 238 522,7a.m.–12a.m.,7a.m.–12a.m.,7a.m.–12a.m.,7a.m.–12a.m.,7a.m.–1a.m.,7:30a.m.–1a.m.,7a.m.–12a.m.
202,Donut Bar,4.7,104.0,Bar,·  Takeout,"Orce Nikolov 1000, Skopje 1000, North Macedonia",+389 71 272 868,9:30a.m.–8:30p.m.,9:30a.m.–8:30p.m.,9:30a.m.–8:30p.m.,9:30a.m.–8:30p.m.,9:30a.m.–8:30p.m.,10a.m.–8:30p.m.,Closed
203,Coffee Bar Viking,4.4,157.0,Cafe,·  Delivery,"XCVC+39R, Skopje 1000, North Macedonia",+389 78 349 262,8a.m.–12a.m.,8a.m.–12a.m.,8a.m.–12a.m.,8a.m.–12a.m.,8a.m.–12a.m.,8a.m.–12a.m.,8a.m.–12a.m.
204,Hellthy Smoothie Bar,4.3,10.0,Bar,·  Takeout,"Орце Николов бр. 90, North Macedonia",+389 2 310 7852,8a.m.–5p.m.,8a.m.–5p.m.,8a.m.–5p.m.,8a.m.–5p.m.,8a.m.–5p.m.,9a.m.–2p.m.,Closed
205,Komitet,5.0,13.0,Gay bar,·  Dine-in  ·  Curbside pickup  ·  Delivery,"Parking garage, Dame Gruev 12 Beko, Local 21, Skopje 1000, North Macedonia",+389 70 311 817,9a.m.–5p.m.,9a.m.–10p.m.,9a.m.–10p.m.,9a.m.–10p.m.,9a.m.–1a.m.,5p.m.–1a.m.,Closed
206,SOMA Lounge Bar,4.0,21.0,Bar,·  Dine-in,"Mitropolit Teodosij Gologanov 96, Skopje 1000, North Macedonia",+389 70 222 125,8a.m.–12a.m.,8a.m.–12a.m.,8a.m.–12a.m.,8a.m.–12a.m.,8a.m.–1a.m.,8a.m.–1a.m.,8a.m.–12a.m.
207,Cantina 43,,,Tapas bar,·  Dine-in  ·  Takeout,"Boulevard Ilinden 93, Skopje 1000, North Macedonia",+389 72 777 770,8a.m.–12a.m.,8a.m.–12a.m.,8a.m.–12a.m.,8a.m.–12a.m.,8a.m.–12a.m.,8a.m.–12a.m.,8a.m.–12a.m.
208,OWL Mixology Bar,5.0,39.0,Bar,,"Кеј 13-ти Ноември 1000, Skopje 1000, North Macedonia",+389 75 306 306,3p.m.–12a.m.,3p.m.–12a.m.,3p.m.–12a.m.,3p.m.–12a.m.,3p.m.–1a.m.,4p.m.–1a.m.,Closed
209,Cocktail Bar,4.4,400.0,Oxygen cocktail spot,,,,8a.m.–12a.m.,8a.m.–12a.m.,8a.m.–12a.m.,8a.m.–12a.m.,8a.m.–1a.m.,10a.m.–1a.m.,10a.m.–12a.m.
210,Beertija Pub,4.5,410.0,Bar,·  Curbside pickup  ·  Dine-in  ·  Delivery,"MK, Frederic Chopin 4, Skopje 1000, North Macedonia",+389 2 277 9959,10a.m.–12a.m.,10a.m.–12a.m.,10a.m.–12a.m.,10a.m.–12a.m.,10a.m.–1a.m.,5p.m.–1a.m.,5p.m.–12a.m.
211,Lokal 45,4.1,166.0,Bar,·  Delivery,"Aminta Treti 30, Skopje 1000, North Macedonia",,8a.m.–12a.m.,8a.m.–12a.m.,8a.m.–12a.m.,8a.m.–12a.m.,8a.m.–12:59a.m.,8a.m.–12:59a.m.,8a.m.–12a.m.
212,Kaldrma,4.7,194.0,Bar,·  Delivery,"2C2C+RMJ, Mihail Cokov, Skopje 1000, North Macedonia",+389 2 322 5734,9a.m.–1a.m.,9a.m.–1a.m.,9a.m.–1a.m.,9a.m.–1a.m.,9a.m.–1a.m.,9a.m.–1a.m.,9a.m.–1a.m.
213,Woodstock Beer Bar,4.7,489.0,Bar,·  Delivery,"Franklin Ruzvelt 5, Skopje 1000, North Macedonia",+389 70 315 495,10a.m.–12a.m.,10a.m.–12a.m.,10a.m.–12a.m.,10a.m.–12a.m.,10a.m.–12a.m.,10a.m.–12a.m.,12p.m.–12a.m.
214,Trend,3.9,1824.0,Restaurant,·  Dine-in  ·  Takeout  ·  Delivery,"4, Nikola Vapcarov 2, Skopje 1000, North Macedonia",+389 71 368 846,8a.m.–12a.m.,8a.m.–12a.m.,8a.m.–12a.m.,8a.m.–12a.m.,8a.m.–1a.m.,9a.m.–1a.m.,9a.m.–12a.m.
215,Restorant Bar Gypsy,,,Restaurant,·  Dine-in,"Arhiepiskop Angelari no. 24, 1000 Skopje - Macedonia, Arhiepiskop Angelarij, Skopje 1000, North Macedonia",+389 75 600 906,9a.m.–12a.m.,9a.m.–12a.m.,9a.m.–12a.m.,9a.m.–12a.m.,9a.m.–12a.m.,9a.m.–12a.m.,9a.m.–12a.m.
216,Шатор,5.0,1.0,Bar,,"294W+G4V, Radika, Skopje 1000, North Macedonia",,Open 24 hours,Open 24 hours,Open 24 hours,Open 24 hours,Open 24 hours,Open 24 hours,Open 24 hours
217,Izlet,4.3,702.0,Cafe,·  Takeout  ·  Delivery,"Nikola Trimpare 15, Skopje 1000, North Macedonia",+389 76 909 909,9a.m.–1a.m.,9a.m.–1a.m.,9a.m.–1a.m.,9a.m.–1a.m.,9a.m.–1a.m.,9a.m.–1a.m.,9a.m.–1a.m.
218,Che,4.7,823.0,Coffee shop,·  Delivery,"2, Kosturski Heroi 15, Skopje 1000, North Macedonia",+389 78 383 893,8a.m.–12p.m.,8a.m.–12p.m.,8a.m.–12p.m.,8a.m.–12p.m.,8a.m.–1a.m.,8a.m.–1a.m.,8a.m.–12p.m.
219,Вински бар Ла Барба Просциутериа / La Barba Prosciutteria Wine Bar,4.8,25.0,Wine bar,·  Dine-in,"MK, Boulevard Ilinden 93/lokal 1, Skopje 1000, North Macedonia",+389 72 600 604,12p.m.–12a.m.,12p.m.–12a.m.,12p.m.–12a.m.,12p.m.–12a.m.,12p.m.–1a.m.,12p.m.–1a.m.,12–11p.m.
220,Maestro Bar,4.1,28.0,Restaurant,·  Dine-in,"XCWP+V4W, Iljo Vojvoda, Skopje 1000, North Macedonia",,8a.m.–12a.m.,8a.m.–12a.m.,8a.m.–12a.m.,8a.m.–12a.m.,8a.m.–12a.m.,8a.m.–12a.m.,8a.m.–12a.m.
221,Manda Coffee bar,4.6,59.0,Cafe,·  Delivery,"XCWH+Q8V, 27-ми Март, Skopje 1000, North Macedonia",+389 70 217 337,9a.m.–12a.m.,9a.m.–12a.m.,9a.m.–12a.m.,9a.m.–12a.m.,9a.m.–12:30a.m.,9a.m.–12a.m.,9a.m.–12a.m.
222,Sterna Cafe,5.0,3.0,Bar,,"Naroden Front 19a, Skopje 1000, North Macedonia",+389 70 223 843,8a.m.–12a.m.,8a.m.–12a.m.,8a.m.–12a.m.,8a.m.–12a.m.,8a.m.–1a.m.,8a.m.–1a.m.,Closed
223,Tribeca Restaurant & Bar,4.5,659.0,Restaurant,·  Dine-in  ·  Takeout  ·  Delivery,"Public Enterprise ""Parks and Greenery"", Boulevard Ilinden 1000, Skopje 1000, North Macedonia",+389 70 303 413,8a.m.–12a.m.,8a.m.–12a.m.,8a.m.–12a.m.,8a.m.–12a.m.,8a.m.–12a.m.,8a.m.–12a.m.,8a.m.–12a.m.
224,Nargile Lounge Cafe,4.0,74.0,Cafe,·  Dine-in  ·  Takeout  ·  Delivery,"Jorgandziska, Skopje 1000, North Macedonia",+389 71 393 999,8a.m.–12a.m.,8a.m.–12a.m.,8a.m.–12a.m.,8a.m.–12a.m.,8a.m.–1a.m.,8a.m.–1a.m.,8a.m.–12a.m.
225,Concept 37,4.5,440.0,Bar,·  Delivery,"Franklin Ruzvelt 37, Skopje 1000, North Macedonia",+389 77 624 304,9a.m.–12a.m.,9a.m.–12a.m.,9a.m.–12a.m.,9a.m.–12a.m.,9a.m.–1a.m.,9a.m.–1a.m.,9a.m.–12a.m.
226,Coffee Bar Philharmony,4.6,45.0,Bar,,"MK, Crvena Skopska Opstina бр. 10, Skopje 1000, North Macedonia",,,,,,,,
227,Lounge Bar Bis,4.5,536.0,Cafeteria,·  Dine-in  ·  Takeout,"Ul. Dragisha Mishkovic bb Скопје MK, 1000, North Macedonia",+389 2 614 8812,8a.m.–12a.m.,8a.m.–12a.m.,8a.m.–12a.m.,8a.m.–12a.m.,8a.m.–1a.m.,8a.m.–1a.m.,8a.m.–12a.m.
228,Leninova 29 All Day Bar,,,Cocktail bar,,"Leninova 1000, Skopje 1000, North Macedonia",+389 71 990 440,,,,,,,
229,Brick Eat Restaurant & Bar,4.2,362.0,Restaurant,·  Dine-in  ·  Takeout  ·  No-contact delivery,"Kej 13. Noemvri, Skopje 1000, North Macedonia",+389 76 220 858,9a.m.–1a.m.,9a.m.–1a.m.,9a.m.–1a.m.,9a.m.–1a.m.,9a.m.–1a.m.,9a.m.–1a.m.,9a.m.–1a.m.
230,Street Pub,,,Bar,,"XCVC+HGV, Sv. Kiril i Metodij, Skopje 1000, North Macedonia",,8a.m.–12a.m.,8a.m.–12a.m.,8a.m.–12a.m.,8a.m.–12a.m.,8a.m.–1a.m.,8a.m.–1a.m.,1p.m.–1a.m.
231,Hip Hop Cafe,5.0,3.0,Bar,·  Dine-in  ·  Curbside pickup  ·  Delivery,"MK, Orce Nikolov 93, Skopje 1000, North Macedonia",+389 77 698 486,8a.m.–9p.m.,8a.m.–9p.m.,8a.m.–9p.m.,8a.m.–9p.m.,8a.m.–9p.m.,8a.m.–9p.m.,8a.m.–9p.m.
232,Morris Caffe Bar,4.7,11.0,Bar,·  Takeout  ·  Dine-in  ·  Delivery,"ul. Zivko Cingo 8a, 1000, North Macedonia",+389 2 317 0570,9a.m.–12a.m.,9a.m.–12a.m.,9a.m.–12a.m.,9a.m.–12a.m.,9a.m.–1a.m.,9a.m.–1a.m.,9a.m.–12a.m.
233,Craft beer,5.0,3.0,Bar,,"2C2P+577, Samoilova, Skopje 1000, North Macedonia",,9a.m.–12a.m.,9a.m.–12a.m.,9a.m.–12a.m.,9a.m.–12a.m.,9a.m.–1a.m.,9a.m.–1a.m.,9a.m.–12a.m.
234,Multi Sandwich Bar,5.0,2.0,Cafe,·  Dine-in  ·  Takeout,"Karposh, Skopje 1000, Skopie 1000, North Macedonia",+389 71 336 306,8a.m.–5p.m.,8a.m.–5p.m.,8a.m.–5p.m.,8a.m.–5p.m.,8a.m.–5p.m.,8a.m.–3p.m.,Closed
235,Caffe Bar Studio 54,3.9,116.0,Cafe,·  Delivery,"XCVJ+C3M, Skopje 1000, North Macedonia",+389 71 333 660,8a.m.–12a.m.,8a.m.–12a.m.,8a.m.–12a.m.,8a.m.–12a.m.,8a.m.–12a.m.,8a.m.–12a.m.,8a.m.–12a.m.
236,Club Epicentar,4.3,46.0,Night club,,"Boulevard Saint Clement of Ohrid 60a, Skopje 1000, North Macedonia",+389 2 321 4061,Closed,Closed,Closed,11p.m.–4a.m.,11:30p.m.–5a.m.,11:30p.m.–5a.m.,Closed
237,Tinex To Go Coffee Bar,4.5,92.0,Cafe,·  Dine-in  ·  Takeout,"XCVC+428, Skopje 1000, North Macedonia",+389 78 235 699,8a.m.–8p.m.,8a.m.–8p.m.,8a.m.–8p.m.,8a.m.–8p.m.,8a.m.–8p.m.,8a.m.–8p.m.,Closed
238,Кафе бар Само / Samo Caffe Bar,4.7,179.0,Cafe,·  Delivery,"Orce Nikolov 75, Skopje 1000, North Macedonia",+389 70 270 599,4p.m.–12a.m.,4p.m.–12a.m.,4p.m.–12a.m.,4p.m.–12a.m.,5p.m.–1a.m.,5p.m.–1a.m.,4p.m.–12a.m.
239,Forza Wine Bar & Restaurant,4.2,1669.0,Restaurant,·  Dine-in  ·  Takeout  ·  Delivery,"Лондонска 12a, Skopje 1000, North Macedonia",+389 2 307 1200,8a.m.–12a.m.,8a.m.–12a.m.,8a.m.–12a.m.,8a.m.–1a.m.,8a.m.–1a.m.,8a.m.–1a.m.,8a.m.–12a.m.
240,THREE MONKEYS,4.4,73.0,Coffee shop,·  Dine-in  ·  Takeout  ·  Delivery,"MK, Boulevard 8-mi Septemvri 7/6, Skopje 1000, North Macedonia",+389 70 804 903,,,,,,,
241,Enigmatic Snack Bar,5.0,2.0,Restaurant,·  Dine-in  ·  Takeout,"Orce Nikolov 155, Skopje 1000, North Macedonia",+389 78 268 150,9a.m.–12a.m.,9a.m.–12a.m.,9a.m.–12a.m.,9a.m.–12a.m.,9a.m.–12a.m.,9a.m.–1a.m.,Closed
242,Bruklinski,4.4,316.0,Bistro,·  Dine-in  ·  Takeout,"Orce Nikolov 75, Skopje 1000, North Macedonia",+389 2 609 1844,9a.m.–12a.m.,9a.m.–12a.m.,9a.m.–12a.m.,9a.m.–12a.m.,9a.m.–12a.m.,9a.m.–1a.m.,9a.m.–12a.m.
243,Ревија,4.1,586.0,Restaurant,·  Dine-in  ·  Takeout,"MK MK, Blvd. Partizanski Odredi 62, Skopje 1000, North Macedonia",+389 70 222 817,8a.m.–12a.m.,8a.m.–12a.m.,8a.m.–12a.m.,8a.m.–12a.m.,8a.m.–1a.m.,8a.m.–1a.m.,8a.m.–12a.m.
244,Fruttissimo Juice Bar,4.4,31.0,Salad shop,·  Dine-in  ·  Takeout,"Gjuro Gjakovik 18, Skopje 1000, North Macedonia",+389 78 331 040,8a.m.–5p.m.,8a.m.–5p.m.,8a.m.–5p.m.,8a.m.–5p.m.,8a.m.–5p.m.,Closed,Closed
245,Bistro Cocktail Bar,5.0,2.0,Bar,,"XCWJ+385, Macedonia St, Skopje 1000, North Macedonia",+389 70 903 933,8a.m.–12a.m.,8a.m.–12a.m.,8a.m.–12a.m.,8a.m.–12a.m.,8a.m.–12a.m.,8a.m.–1a.m.,8a.m.–1a.m.
246,Crash Bar,4.9,29.0,Bar & grill,·  Dine-in  ·  Takeout,"Boulevard Saint Clement of Ohrid br.18, Skopje 1000, North Macedonia",+389 77 919 510,9a.m.–12a.m.,9a.m.–12a.m.,9a.m.–12a.m.,9a.m.–12a.m.,9a.m.–1a.m.,10a.m.–1a.m.,Closed
247,Three Kitchen & Bar,4.3,418.0,Restaurant,·  Dine-in  ·  Takeout,"50-та Дивизија 25, Skopje 1000, North Macedonia",+389 70 282 788,9a.m.–12a.m.,9a.m.–12a.m.,9a.m.–12a.m.,9a.m.–12a.m.,9a.m.–1a.m.,9a.m.–1a.m.,Closed
248,Catch 22,,,Bar,·  Dine-in,"Kej 13ti Noemvri 2A, 1000, North Macedonia",+389 78 290 676,,,,,,,
249,BAZA - БАЗА,5.0,2.0,Bar,,"Arhiepiskop Angelarij 1A, Skopje 1000, North Macedonia",+389 70 890 116,10a.m.–12a.m.,10a.m.–12a.m.,10a.m.–12a.m.,10a.m.–12a.m.,10a.m.–12a.m.,10a.m.–12a.m.,Closed
250,Sevgul malo,,,Bar,,"XCXG+753, Skopje 1000, North Macedonia",,,,,,,,
251,Cafè,,,Bar,,"Skopje 1000, Skopje 1000, North Macedonia",,,,,,,,
252,Martini Caffe,4.4,1234.0,Cafe,·  Dine-in  ·  Takeout,"2C32+72G, Skopje 1000, North Macedonia",+389 2 306 1127,9a.m.–12a.m.,9a.m.–12a.m.,9a.m.–12a.m.,9a.m.–12a.m.,9a.m.–1a.m.,9a.m.–1a.m.,9a.m.–12a.m.
253,Rock Kafana Rustikana 2.0,4.6,1220.0,Restaurant,·  Dine-in  ·  Curbside pickup  ·  Delivery,"MK, Boulevard Ilinden 94, Skopje 1000, North Macedonia",+389 75 478 134,,,,,,,
254,ShortBus,4.6,212.0,Cafe,·  Delivery,"XCXF+5VM, Skopje 1000, North Macedonia",,9a.m.–1a.m.,9a.m.–1a.m.,9a.m.–1a.m.,9a.m.–1a.m.,9a.m.–1a.m.,9a.m.–1a.m.,12p.m.–12a.m.
255,Night Club Saloon,4.3,112.0,Night club,·  Curbside pickup  ·  Dine-in  ·  Delivery,"XCVG+F34, Skopje 1000, North Macedonia",+389 75 441 436,9p.m.–4a.m.,9p.m.–4a.m.,9p.m.–4a.m.,9p.m.–4a.m.,9p.m.–4a.m.,9p.m.–4a.m.,9p.m.–4a.m.
256,Oeno Wine Bar & Deli,4.6,183.0,Wine bar,·  Dine-in  ·  Curbside pickup  ·  No-contact delivery,"MK, Boulevard Ilinden 160, Skopje 1000, North Macedonia",+389 2 309 0100,8a.m.–11:30p.m.,8a.m.–11:30p.m.,8a.m.–11:30p.m.,8a.m.–11:30p.m.,8a.m.–11:30p.m.,8a.m.–11:30p.m.,9a.m.–11:30p.m.
257,Badu Bar,4.7,1000.0,Bar,·  Takeout  ·  Dine-in  ·  Delivery,"Булевар Партизански Одреди локал13 149, Skopje 1000, North Macedonia",,8a.m.–11:45p.m.,8a.m.–11:45p.m.,8a.m.–11:45p.m.,8a.m.–11:45p.m.,8a.m.–12:45a.m.,8a.m.–12:45a.m.,8a.m.–11:45p.m.
258,Krug Café,4.4,666.0,Cafe,·  Curbside pickup  ·  Delivery,"Naum Naumovski Borche 79, Skopje 1000, North Macedonia",+389 2 311 9447,8a.m.–12a.m.,8a.m.–12a.m.,8a.m.–12a.m.,8a.m.–12a.m.,8a.m.–12a.m.,8a.m.–12a.m.,8a.m.–12a.m.
259,oui,,,Bar,,"Orce Nikolov 90, Skopje 1000, North Macedonia",,8a.m.–4p.m.,8a.m.–4p.m.,8a.m.–4p.m.,8a.m.–4p.m.,8a.m.–4p.m.,10a.m.–6p.m.,Closed
260,PUBLIC LAB caffe bar,,,Bar,,"Mitropolit Teodosij Gologanov 32, Skopje 1000, North Macedonia",,,,,,,,
261,Sugar Cube corner,4.5,12.0,Bar,,"Петричка, Skopje 1000, North Macedonia",+389 75 446 862,9a.m.–11p.m.,9a.m.–11p.m.,9a.m.–11p.m.,9a.m.–11p.m.,9a.m.–11p.m.,9a.m.–11p.m.,Closed
262,INSIDE BAR,4.4,8.0,Bar,,"Mitropolit Teodosij Gologanov 34a, Skopje 1000, North Macedonia",+389 76 915 575,10a.m.–12a.m.,10a.m.–12a.m.,10a.m.–12a.m.,10a.m.–12a.m.,10a.m.–1a.m.,10a.m.–1a.m.,Closed
263,Phoenix Coffee Bar,4.9,14.0,Cafe,,"Московска 7, Skopje 1000, North Macedonia",+389 77 743 063,8a.m.–12a.m.,8a.m.–12a.m.,8a.m.–12a.m.,8a.m.–12a.m.,8a.m.–12a.m.,8a.m.–12a.m.,10a.m.–10p.m.
264,HealthyWealthyBar,5.0,12.0,Bar,,"MK, Bagdadska 15, Skopje 1000, North Macedonia",+389 78 232 201,9a.m.–9p.m.,9a.m.–9p.m.,9a.m.–9p.m.,9a.m.–9p.m.,9a.m.–9p.m.,9a.m.–7p.m.,Closed
265,Sistem Pub,4.7,203.0,Bar,,"XFQ5+RX3, Boulevard Jane Sandanski, Skopje 1000, North Macedonia",+389 2 244 7033,8a.m.–1a.m.,8a.m.–1a.m.,8a.m.–1a.m.,8a.m.–1a.m.,8a.m.–1a.m.,8a.m.–1a.m.,9a.m.–12a.m.
266,Mraz bar,,,Bar,,"2C4R+286, Skopje 1000, North Macedonia",,,,,,,,
267,The Hut,4.9,14.0,Bar,,"Ul, Dimche Mirchev 4, Skopje 1000, North Macedonia",+389 71 277 297,8a.m.–12a.m.,8a.m.–12a.m.,8a.m.–12a.m.,8a.m.–12a.m.,8a.m.–1a.m.,8a.m.–1a.m.,8a.m.–12a.m.
268,Food Bar Trend,3.7,1605.0,Cafe,·  Dine-in  ·  Takeout  ·  Delivery,"Ljubljanska br4, Skopje 1000, North Macedonia",+389 70 306 425,9a.m.–12a.m.,9a.m.–12a.m.,9a.m.–12a.m.,9a.m.–11:30p.m.,9a.m.–12a.m.,9a.m.–11:30p.m.,9a.m.–12a.m.
269,Bravo Coffee bar,4.1,7.0,Espresso bar,,"XCXQ+RHH, Skopje 1000, North Macedonia",+389 77 496 265,8a.m.–12a.m.,8a.m.–12a.m.,8a.m.–12a.m.,8a.m.–12a.m.,8a.m.–1a.m.,8a.m.–1a.m.,12p.m.–12a.m.
270,La Cafeteria,4.7,6.0,Bar,,"Boulevard 8mi Septemvri br.18, Skopje 1000, North Macedonia",+389 71 334 041,8a.m.–6p.m.,8a.m.–6p.m.,8a.m.–6p.m.,8a.m.–6p.m.,8a.m.–6p.m.,9a.m.–2p.m.,9a.m.–2p.m.
271,Corner Bar & Kitchen,4.5,70.0,Bar & grill,·  Dine-in,"Blvd. Partizanski Odredi 151, Skopje 1000, North Macedonia",+389 70 377 454,8:30a.m.–1a.m.,8:30a.m.–1a.m.,8:30a.m.–1a.m.,8:30a.m.–1a.m.,8:30a.m.–1a.m.,8:30a.m.–1a.m.,8:30a.m.–1a.m.
272,Skara Bar,4.5,809.0,Restaurant,·  Dine-in  ·  Takeout,"Varsavska 70, Skopje 1000, North Macedonia",+389 75 727 110,9a.m.–12a.m.,9a.m.–12a.m.,9a.m.–12a.m.,9a.m.–12a.m.,9a.m.–1a.m.,9a.m.–1a.m.,12–8p.m.
273,Bar Industrial,,,Bar,,"XCVC+5CH, Naroden Front, Skopje 1000, North Macedonia",+389 75 321 725,8a.m.–12a.m.,8a.m.–12a.m.,8a.m.–12a.m.,8a.m.–12a.m.,8a.m.–1a.m.,9a.m.–1a.m.,9a.m.–12a.m.
274,Restaurant Kaj Pero,4.4,577.0,Restaurant,·  Dine-in  ·  Takeout  ·  Delivery,"Orce Nikolov 109, Skopje 1000, North Macedonia",+389 2 323 2898,Closed,2p.m.–12a.m.,2p.m.–12a.m.,2p.m.–12a.m.,2p.m.–1a.m.,2p.m.–1a.m.,2p.m.–12a.m.
275,1Sh Lounge Bar,4.4,218.0,Restaurant,·  Dine-in  ·  Takeout  ·  Delivery,"MK, Lazo trpovski bb, Skopje 1000, North Macedonia",+389 78 297 297,8a.m.–12a.m.,8a.m.–12a.m.,8a.m.–12a.m.,8a.m.–12a.m.,8a.m.–12a.m.,8a.m.–12a.m.,8a.m.–12a.m.
276,Bella Vista - Lounge Bar & Restaurant,4.2,1575.0,Italian restaurant,·  Dine-in  ·  Takeout,"Kej 13 noemvri, Skopje, North Macedonia",+389 78 255 842,8a.m.–12a.m.,8a.m.–12a.m.,8a.m.–12a.m.,8a.m.–12a.m.,8a.m.–1a.m.,8a.m.–1a.m.,8a.m.–12a.m.
277,Кафе Бар Лонгплеј,4.7,616.0,Bar,·  Curbside pickup  ·  Delivery,"Boulevard Jane Sandanski 84, Skopje 1000, North Macedonia",+389 70 317 436,9a.m.–12a.m.,9a.m.–12a.m.,9a.m.–12a.m.,9a.m.–12a.m.,9a.m.–1a.m.,9a.m.–1a.m.,9a.m.–12a.m.
278,Lounge Bar Četiri,5.0,2.0,Bar,,"Karposh, Skopje 1000, North Macedonia",+389 77 890 212,Open 24 hours,Open 24 hours,Open 24 hours,Open 24 hours,Open 24 hours,Open 24 hours,Open 24 hours
279,Lounge Bar & Night Club Aliens,4.8,8.0,Lounge,,"293R+QPP, Skopje 1000, North Macedonia",,8a.m.–12a.m.,8a.m.–12a.m.,8a.m.–12a.m.,8a.m.–12a.m.,8a.m.–12a.m.,8a.m.–12a.m.,10a.m.–8p.m.
280,Four,4.5,544.0,Restaurant,·  Dine-in  ·  Takeaway,"Str. 1732 No. 4 Skopje Skopje MK, 1000, North Macedonia",+389 72 828 180,7AM–12AM,7AM–12AM,7AM–12AM,7AM–12AM,7AM–12AM,7AM–1AM,7AM–1AM
281,La Terrazza Restaurant,4.4,1457.0,Italian restaurant,·  Dine-in  ·  Takeaway,"Plostad Makedonija, Skopje 1000, North Macedonia",+389 2 311 3380,8AM–12AM,8AM–12AM,8AM–12AM,8AM–12AM,9AM–1AM,9AM–1AM,10AM–12AM
282,Kolektiv,4.4,762.0,Restaurant,·  Dine-in  ·  Takeaway,"11th October, Square Macedonia, Skopje 1000, North Macedonia",+389 2 314 4345,8AM–12AM,8AM–12AM,8AM–12AM,8AM–12AM,8AM–12AM,8AM–12AM,8AM–12AM
283,Distrikt,4.5,772.0,Restaurant,·  Dine-in  ·  Takeaway  ·  Delivery,"Plostad Makedonija 7, Skopje 1000, North Macedonia",+389 71 238 522,7AM–12AM,7AM–12AM,7AM–12AM,7AM–12AM,7AM–1AM,7:30AM–1AM,7AM–12AM
284,Taverna Toscana,4.7,72.0,Restaurant,·  Dine-in  ·  Takeaway,"Митрополит Теодосиј Гoлоганов 72, Скопје 1000, Mitropolit Teodosij Gologanov 72, Skopje 1000, North Macedonia",+389 72 305 802,2PM–12AM,2PM–12AM,2PM–12AM,2PM–12AM,2PM–1AM,2PM–1AM,2PM–12AM
285,Old City House,4.5,1715.0,Eastern European restaurant,·  Dine-in  ·  Takeaway,"Boulevard Phillip the Second of Macedon 14, Skopje 1000, North Macedonia",+389 2 313 1376,8AM–12AM,8AM–12AM,8AM–12AM,8AM–12AM,8AM–12AM,12PM–12AM,Closed
286,Gino,4.4,1673.0,Restaurant,·  Dine-in  ·  Takeaway  ·  Delivery,"GTC floor 1 loc. 205, Skopje 1000, North Macedonia",+389 2 312 1109,9AM–12AM,9AM–12AM,9AM–12AM,9AM–12AM,9AM–1AM,9AM–1AM,9AM–1AM
287,Restaurant Dva Еlena,4.4,560.0,Restaurant,·  Dine-in  ·  Takeaway  ·  Delivery,"Zagrebska 31, Skopje 1000, North Macedonia",+389 2 306 0900,10:30AM–12AM,10:30AM–12AM,10:30AM–12AM,10:30AM–12AM,10:30AM–1AM,10:30AM–1AM,10:30AM–11PM
288,Amigos,4.5,1391.0,Mexican restaurant,·  Dine-in  ·  Takeaway  ·  Delivery,"Macedonia 11, Skopje 1000, North Macedonia",+389 71 230 315,9AM–12AM,9AM–12AM,9AM–12AM,9AM–12AM,9AM–1AM,9AM–1AM,10AM–12AM
289,National Restaurant Makedonska Kukja,4.4,962.0,Eastern European restaurant,·  Dine-in  ·  Takeaway  ·  Delivery,"Teodosie Gologanov no 63 nearby Alumina, Mitropolit Teodosij Gologanov, Skopje 1000, North Macedonia",+389 2 329 6415,8AM–12AM,8AM–12AM,8AM–12AM,8AM–12AM,8AM–1AM,8AM–1AM,8AM–12AM
290,Vodenica Mulino,4.6,751.0,Restaurant,·  Dine-in  ·  Takeaway,"Mitropolit Teodosij Gologanov 69, Skopje 1000, North Macedonia",+389 2 323 2877,12PM–12AM,12PM–12AM,12PM–12AM,12PM–12AM,12PM–12AM,12PM–12AM,Closed
291,Skara Bar,4.5,809.0,Restaurant,·  Dine-in  ·  Takeaway,"Varsavska 70, Skopje 1000, North Macedonia",+389 75 727 110,9AM–12AM,9AM–12AM,9AM–12AM,9AM–12AM,9AM–1AM,9AM–1AM,12–8PM
292,Carpe Diem - Fine Wine & Dine,4.4,957.0,Restaurant,·  Dine-in  ·  Takeaway,"MK, Кеј 13-ти Ноември, Skopje 1000, North Macedonia",+389 70 355 750,9AM–12AM,9AM–12AM,9AM–12AM,9AM–12AM,9AM–12AM,9AM–12AM,9AM–12AM
293,Skopski Merak,4.6,3143.0,Eastern European restaurant,·  Dine-in  ·  Kerbside pickup  ·  Delivery,"Ul, Debarca St 51, Skopje 1000, North Macedonia",+389 78 343 630,9AM–1AM,9AM–1AM,9AM–1AM,9AM–1AM,9AM–1AM,9AM–1AM,11AM–1AM
294,Dukat Gostilnica,4.6,2033.0,Restaurant,·  Dine-in  ·  Takeaway,"MK, Boulevard Mitropolit Teodosij Gologanov 79, Skopje 1000, North Macedonia",+389 72 306 198,8AM–12AM,8AM–12AM,8AM–12AM,8AM–12AM,8AM–1AM,8AM–1AM,8AM–12AM
295,Destan,4.0,1384.0,Barbecue restaurant,·  Dine-in  ·  Takeaway,"Казанџиска, Skopje 1000, North Macedonia",+389 2 322 4063,9AM–11PM,9AM–11PM,9AM–11PM,9AM–11PM,9AM–11PM,9AM–11PM,9AM–11PM
296,Pelister,4.5,2223.0,,,"Boulevard Macedonia, Skopje 1000, North Macedonia",+389 2 311 2482,10AM–12AM,10AM–12AM,10AM–12AM,10AM–12AM,10AM–12AM,10AM–12AM,10AM–11PM
297,Kaj Serdarot,4.4,312.0,Restaurant,,"XCXP+VH4, Казанџиска, Skopje 1000, North Macedonia",+389 78 802 773,Closed,9AM–11PM,9AM–11PM,9AM–11PM,9AM–11PM,9AM–11PM,9AM–11PM
298,Olive,4.5,229.0,Restaurant,·  Dine-in  ·  Takeaway,"Pariska, Skopje 1000, North Macedonia",+389 2 306 6623,9AM–10PM,9AM–10PM,9AM–10PM,9AM–10PM,9AM–10PM,9AM–6PM,Closed
299,Forza Wine Bar & Restaurant,4.2,1669.0,Restaurant,·  Dine-in  ·  Takeaway  ·  Delivery,"Лондонска 12a, Skopje 1000, North Macedonia",+389 2 307 1200,8AM–12AM,8AM–12AM,8AM–12AM,8AM–1AM,8AM–1AM,8AM–1AM,8AM–12AM
300,Lyra,4.4,528.0,Restaurant,·  Dine-in  ·  Takeaway,"Nikola Tesla 11, Skopje 1000, North Macedonia",+389 2 308 3020,9AM–12AM,9AM–12AM,9AM–12AM,9AM–12AM,9AM–1AM,9AM–1AM,9AM–12AM
301,"Gradska Kafeana ""Kaj Jole""",4.5,371.0,Restaurant,·  Dine-in  ·  Takeaway,"Maksim Gorki 18, Skopje 1000, North Macedonia",+389 2 320 0099,8AM–12AM,8AM–12AM,8AM–12AM,8AM–12AM,8AM–1AM,8AM–1AM,Closed
302,Chardak,4.3,546.0,Eastern European restaurant,·  Dine-in  ·  Takeaway,"MK, Gjorgji Peshkov, Skopje 1000, North Macedonia",+389 70 410 919,8:30AM–12AM,8:30AM–12AM,8:30AM–12AM,8:30AM–12AM,8:30AM–1AM,8:30AM–12AM,8:30AM–12AM
303,Sidro,4.5,583.0,Seafood restaurant,·  Dine-in  ·  Takeaway,"Атинска 21, Skopje 1000, North Macedonia",+389 71 277 076,1–11PM,9AM–12AM,9AM–12AM,9AM–12AM,9AM–12AM,9AM–12AM,12–7PM
304,Trend,3.9,1824.0,Restaurant,·  Dine-in  ·  Takeaway  ·  Delivery,"4, Nikola Vapcarov 2, Skopje 1000, North Macedonia",+389 71 368 846,8AM–12AM,8AM–12AM,8AM–12AM,8AM–12AM,8AM–1AM,9AM–1AM,9AM–12AM
305,Pivnica An,4.4,157.0,Restaurant,·  Dine-in  ·  Takeaway,"Gradishte, 14, Skopje 1000, North Macedonia",+389 2 321 2111,9:30AM–12AM,9:30AM–12AM,9:30AM–12AM,9:30AM–12AM,9:30AM–1AM,9:30AM–1AM,12:30PM–12AM
306,Restaurant National,4.4,760.0,Eastern European restaurant,·  Dine-in  ·  Takeaway  ·  Delivery,"XCVP+829, Булевар Филип Втори Македонски, Skopje 1000, North Macedonia",+389 2 321 4200,7AM–12AM,7AM–12AM,7AM–12AM,7AM–12AM,7AM–1AM,7AM–1AM,7AM–12AM
307,La Puerta,4.5,273.0,Restaurant,·  Dine-in  ·  Takeaway  ·  Delivery,"ГТЦ Први Кат, страна на жена парк Skopje Skopje MK, 1000, North Macedonia",+389 78 442 897,8AM–11PM,8AM–11PM,8AM–11PM,8AM–11PM,8AM–11PM,8AM–11PM,Closed
308,Nadžak,4.5,753.0,Restaurant,·  Dine-in  ·  Kerbside pickup  ·  Delivery,"MK, Orce Nikolov 105, Skopje 1000, North Macedonia",+389 75 438 148,9AM–1AM,9AM–1AM,9AM–1AM,9AM–1AM,9AM–1AM,9AM–1AM,9AM–1AM
309,Baba Cana Vodno,4.4,1155.0,Restaurant,·  Dine-in  ·  Takeaway,"Partenija Zografski 34, Skopje 1000, North Macedonia",+389 2 312 6390,8AM–12AM,8AM–12AM,8AM–12AM,8AM–12AM,8AM–1AM,8AM–1AM,12–10PM
310,Rock Kafana Rustikana 2.0,4.6,1220.0,Restaurant,·  Dine-in  ·  Kerbside pickup  ·  Delivery,"MK, Boulevard Ilinden 94, Skopje 1000, North Macedonia",+389 75 478 134,,,,,,,
311,Restaurant Kaj Pero,4.4,577.0,Restaurant,·  Dine-in  ·  Takeaway  ·  Delivery,"Orce Nikolov 109, Skopje 1000, North Macedonia",+389 2 323 2898,Closed,2PM–12AM,2PM–12AM,2PM–12AM,2PM–1AM,2PM–1AM,2PM–12AM
312,Restaurant Harmony,4.7,36.0,Macrobiotic restaurant,·  Dine-in  ·  Takeout,"Miroslav Krleza, Skopje 1000, North Macedonia",+389 2 521 3466,10a.m.–6p.m.,10a.m.–6p.m.,10a.m.–6p.m.,10a.m.–6p.m.,10a.m.–6p.m.,Closed,Closed
313,Plaza de Toros,4.2,1468.0,Restaurant,·  Dine-in  ·  Takeout,"Kej 13-ti Noemvri no.65, Skopje 1000, North Macedonia",+389 2 322 8155,8a.m.–12a.m.,8a.m.–12a.m.,8a.m.–12a.m.,8a.m.–12a.m.,8a.m.–1a.m.,9a.m.–1a.m.,8a.m.–12a.m.
314,Antica,4.6,421.0,Restaurant,·  Dine-in  ·  Curbside pickup,"MK, Debarca 53, Skopje 1000, North Macedonia",+389 77 855 863,10a.m.–12a.m.,10a.m.–12a.m.,10a.m.–12a.m.,10a.m.–12a.m.,10a.m.–12a.m.,12p.m.–1a.m.,Closed
315,Idadija M,4.4,345.0,Restaurant,·  Dine-in  ·  Takeout  ·  Delivery,"MK Zivko MK, Zhivko Chingo 1, Skopje 1000, North Macedonia",+389 2 312 1312,10a.m.–12a.m.,10a.m.–12a.m.,10a.m.–12a.m.,10a.m.–12a.m.,10a.m.–1a.m.,12p.m.–1a.m.,Closed
316,Restoran Domini,4.5,185.0,Restaurant,·  Dine-in  ·  Takeout,"Boulevard Krushevska Republika 27-21, Skopje 1000, North Macedonia",+389 70 242 388,9a.m.–12a.m.,9a.m.–12a.m.,9a.m.–12a.m.,9a.m.–12a.m.,9a.m.–12a.m.,9a.m.–12a.m.,9a.m.–10p.m.
317,Restaurant Merkez,3.9,108.0,Turkish restaurant,·  Dine-in  ·  Takeout,"Old Bazaar, Skopje 1000, North Macedonia",+389 71 539 100,8a.m.–12a.m.,8a.m.–12a.m.,8a.m.–12a.m.,8a.m.–12a.m.,8a.m.–12a.m.,8a.m.–12a.m.,8a.m.–12a.m.
318,Bure - Barrel,4.1,334.0,Restaurant,·  Dine-in  ·  Takeout,"Bulevar Partizanski Odredi 62 A/1 -8 C5, Skopje 1000, North Macedonia",+389 77 596 066,8a.m.–12a.m.,8a.m.–12a.m.,8a.m.–12a.m.,8a.m.–12a.m.,8a.m.–1a.m.,8a.m.–1a.m.,8a.m.–12a.m.
319,Dion,4.1,1536.0,Eastern European restaurant,·  Dine-in  ·  Takeout  ·  Delivery,"XCWM+79Q, Kej 13th November, Skopje 1000, North Macedonia",+389 2 310 1030,9a.m.–12a.m.,9a.m.–12a.m.,9a.m.–12a.m.,9a.m.–12a.m.,9a.m.–1a.m.,9a.m.–1a.m.,9a.m.–12a.m.
320,Vavilon Restaurant,4.3,56.0,Restaurant,·  Dine-in  ·  Takeout,"1000 Skopje, 1000, North Macedonia",,9a.m.–1a.m.,9a.m.–1a.m.,9a.m.–1a.m.,9a.m.–1a.m.,9a.m.–1a.m.,9a.m.–1a.m.,9a.m.–1a.m.
321,Tribeca Restaurant & Bar,4.5,659.0,Restaurant,·  Dine-in  ·  Takeout  ·  Delivery,"Public Enterprise ""Parks and Greenery"", Boulevard Ilinden 1000, Skopje 1000, North Macedonia",+389 70 303 413,8a.m.–12a.m.,8a.m.–12a.m.,8a.m.–12a.m.,8a.m.–12a.m.,8a.m.–12a.m.,8a.m.–12a.m.,8a.m.–12a.m.
322,Soul Kitchen - Macedonian Wine & Cuisine,4.4,1837.0,Soul food restaurant,·  Dine-in  ·  Takeout  ·  Delivery,"MK, Кеј 13-ти Ноември, Skopje 1000, North Macedonia",+389 78 887 733,8a.m.–12a.m.,8a.m.–12a.m.,8a.m.–12a.m.,8a.m.–12a.m.,8a.m.–1a.m.,8a.m.–1a.m.,8a.m.–12a.m.
323,Balkanika Rustikana,4.6,252.0,Restaurant,·  Dine-in  ·  Takeout,"2C55+RWP, Skopje 1000, North Macedonia",+389 75 444 109,8a.m.–12a.m.,8a.m.–12a.m.,8a.m.–12a.m.,8a.m.–12a.m.,8a.m.–1a.m.,8a.m.–1a.m.,8a.m.–1a.m.
324,Gostilnica Staro Bure,4.4,1227.0,Restaurant,·  Dine-in  ·  Takeout,"293X+C2F, Blvd. Partizanski Odredi, Skopje 1000, North Macedonia",+389 2 307 1804,8:30a.m.–12a.m.,8:30a.m.–12a.m.,8:30a.m.–12a.m.,8:30a.m.–12a.m.,8:30a.m.–1a.m.,8:30a.m.–1a.m.,1–11p.m.
325,Skadarlija,4.4,370.0,Restaurant,·  Dine-in  ·  Takeout,"Orce Nikolov, Skopje 1000, North Macedonia",+389 2 305 2717,9a.m.–12a.m.,9a.m.–12a.m.,9a.m.–12a.m.,9a.m.–12a.m.,9a.m.–1a.m.,9a.m.–1a.m.,12–8p.m.
326,Light,4.5,234.0,Restaurant,·  Dine-in  ·  Takeout  ·  Delivery,"Mitropolit Teodosij Gologanov 49, Skopje 1000, North Macedonia",+389 71 386 386,8a.m.–12a.m.,8a.m.–12a.m.,8a.m.–12a.m.,8a.m.–12a.m.,8a.m.–12a.m.,9a.m.–12a.m.,Closed
327,Casablanca Restaurant,4.7,325.0,Restaurant,·  Dine-in  ·  Takeout,"Skopje 1000, North Macedonia",+389 70 398 634,8a.m.–12a.m.,8a.m.–12a.m.,8a.m.–12a.m.,8a.m.–12a.m.,8a.m.–12a.m.,8a.m.–12a.m.,Closed
328,St. Patrick,4.4,2196.0,Irish pub,·  Dine-in  ·  Takeout,"Кеј 13-ти Ноември 8, Skopje 1000, North Macedonia",+389 2 325 6337,8a.m.–12a.m.,8a.m.–12a.m.,8a.m.–12a.m.,8a.m.–12a.m.,8a.m.–1a.m.,8a.m.–1a.m.,8a.m.–12a.m.
329,511,4.5,122.0,Pizza restaurant,·  Dine-in  ·  Takeout  ·  Delivery,"MK, Vasil Gjorgov 29, Skopje 1000, North Macedonia",+389 2 321 3735,9a.m.–12a.m.,9a.m.–12a.m.,9a.m.–12a.m.,9a.m.–12a.m.,9a.m.–12a.m.,12p.m.–12a.m.,12p.m.–12a.m.
330,Brick Eat Restaurant & Bar,4.2,362.0,Restaurant,·  Dine-in  ·  Takeout  ·  No-contact delivery,"Kej 13. Noemvri, Skopje 1000, North Macedonia",+389 76 220 858,9a.m.–1a.m.,9a.m.–1a.m.,9a.m.–1a.m.,9a.m.–1a.m.,9a.m.–1a.m.,9a.m.–1a.m.,9a.m.–1a.m.
331,Restaurant Buket,4.2,83.0,Restaurant,·  Dine-in  ·  Curbside pickup  ·  Delivery,"MK, Boulevard Saint Clement of Ohrid, Skopje 1000, North Macedonia",+389 2 311 2112,9a.m.–6p.m.,9a.m.–6p.m.,9a.m.–6p.m.,9a.m.–6p.m.,9a.m.–6p.m.,9a.m.–6p.m.,Closed
332,Temov brewery,4.3,940.0,Brewpub,·  Dine-in,"Samoilova, Skopje 1000, North Macedonia",+389 75 235 782,9a.m.–12a.m.,9a.m.–12a.m.,9a.m.–12a.m.,9a.m.–12a.m.,9a.m.–1a.m.,9a.m.–1a.m.,9a.m.–12a.m.
333,Matto Napoletano,4.6,224.0,Italian restaurant,·  Dine-in  ·  Curbside pickup,"Debarca 2a, Skopje 1000, North Macedonia",+389 71 343 063,8a.m.–11:30p.m.,8a.m.–11:30p.m.,8a.m.–11:30p.m.,8a.m.–11:30p.m.,8a.m.–11:30p.m.,8a.m.–11p.m.,8a.m.–11:30p.m.
334,Uranija,4.4,137.0,Restaurant,·  Dine-in  ·  Takeout,"2C4C+FQ4, Skopje 1000, North Macedonia",+389 2 311 8030,9a.m.–11p.m.,9a.m.–11p.m.,9a.m.–11p.m.,9a.m.–11p.m.,9a.m.–11p.m.,9a.m.–11p.m.,9a.m.–11p.m.
335,Jadica Restoran,4.6,180.0,Seafood restaurant,·  Dine-in  ·  Takeout,"Varsavska 6, Skopje 1000, North Macedonia",+389 2 307 1001,8a.m.–12a.m.,8a.m.–12a.m.,8a.m.–12a.m.,8a.m.–12a.m.,8a.m.–12a.m.,8a.m.–12a.m.,8a.m.–9p.m.
336,Granche Restaurant,4.9,16.0,Restaurant,·  Dine-in  ·  Takeout,"Boulevard 8-mi Septemvri 18, Skopje 1000, North Macedonia",+389 70 353 611,8a.m.–12a.m.,8a.m.–12a.m.,8a.m.–12a.m.,8a.m.–12a.m.,8a.m.–12a.m.,8a.m.–12a.m.,Closed
337,Turist,4.0,23.0,Turkish restaurant,·  Dine-in  ·  Takeout,"MK Maksim Gorki no.5/1 Skopje 1000, North Macedonia",,9a.m.–11p.m.,9a.m.–11p.m.,9a.m.–11p.m.,9a.m.–11p.m.,9a.m.–11p.m.,9a.m.–11p.m.,9a.m.–11p.m.
338,Taverna Trpe-Zarija,4.6,31.0,Seafood restaurant,·  Dine-in  ·  Takeout,"Naum Naumovski Borche 56, Skopje 1000, North Macedonia",+389 70 806 080,8a.m.–1a.m.,8a.m.–1a.m.,8a.m.–1a.m.,8a.m.–1a.m.,8a.m.–1a.m.,8a.m.–1a.m.,8a.m.–1a.m.
339,Brunch Box Eatery,4.7,100.0,Restaurant,·  Dine-in  ·  Takeout  ·  Delivery,"Диме Аницин 15, Skopje 1000, North Macedonia",+389 77 661 424,8:30a.m.–5p.m.,8:30a.m.–5p.m.,8:30a.m.–5p.m.,8:30a.m.–5p.m.,8:30a.m.–5p.m.,9:30a.m.–3:30p.m.,Closed
340,Day and Night Restaurant,4.3,609.0,Restaurant,·  Dine-in  ·  Takeout  ·  Delivery,"ul skupi bb Скопје MK MK, 1000, North Macedonia",+389 2 309 6096,9a.m.–12a.m.,9a.m.–12a.m.,9a.m.–12a.m.,9a.m.–12a.m.,9a.m.–1a.m.,9a.m.–1a.m.,Closed
341,Meana Gros,4.3,548.0,Restaurant,·  Dine-in  ·  Takeout,"MK, Nikola Rusinski 1, Skopje 1000, North Macedonia",+389 77 973 155,8a.m.–12a.m.,8a.m.–12a.m.,8a.m.–12a.m.,8a.m.–12a.m.,8a.m.–12a.m.,8a.m.–12a.m.,8a.m.–12a.m.
342,Gurman,4.5,197.0,Restaurant,·  Dine-in  ·  Takeout,"Mother Teresa 6, Skopje 1000, North Macedonia",+389 2 317 6200,7a.m.–10p.m.,7a.m.–10p.m.,7a.m.–10p.m.,7a.m.–10p.m.,7a.m.–10p.m.,7a.m.–10p.m.,Closed
343,Casa Cubana,4.3,1217.0,Cuban restaurant,·  Dine-in  ·  Takeout,"Кеј 13-ти Ноември b.b., Skopje 1000, North Macedonia",+389 71 310 404,9a.m.–12a.m.,9a.m.–12a.m.,9a.m.–12a.m.,9a.m.–12a.m.,9a.m.–1a.m.,9a.m.–1a.m.,9a.m.–12a.m.
344,Daily Food & Wine,4.5,845.0,Italian restaurant,·  Dine-in  ·  Takeout,"Vasil Gjorgov 16, Skopje 1000, North Macedonia",+389 72 256 100,8a.m.–12a.m.,8a.m.–12a.m.,8a.m.–12a.m.,8a.m.–12a.m.,8a.m.–1a.m.,8a.m.–1a.m.,10a.m.–10p.m.
345,Skara Restorant Fontana,4.7,14.0,Restaurant,·  Dine-in  ·  Takeout,"Rajko Zhinzifov 26, Skopje 1000, North Macedonia",+389 2 322 0088,9a.m.–12a.m.,9a.m.–12a.m.,9a.m.–12a.m.,9a.m.–12a.m.,9a.m.–12a.m.,9a.m.–12a.m.,9a.m.–12a.m.
346,Madison Garden,4.1,30.0,Restaurant,·  Dine-in  ·  Takeout  ·  Delivery,"Boulevard Saint Clement of Ohrid 29, Skopje 1000, North Macedonia",+389 76 873 853,8a.m.–12a.m.,8a.m.–12a.m.,8a.m.–12a.m.,8a.m.–12a.m.,8a.m.–12a.m.,8a.m.–12a.m.,Closed
347,Mama,4.5,30.0,Restaurant,·  Dine-in  ·  Takeout,"MK, Orce Nikolov 90, Skopje 1000, North Macedonia",+389 70 222 633,10a.m.–6p.m.,10a.m.–6p.m.,10a.m.–6p.m.,10a.m.–6p.m.,10a.m.–6p.m.,Closed,Closed
348,Marger Restaurant,4.1,723.0,Restaurant,·  Dine-in  ·  Takeout,"Boulevard Ilinden 93, Skopje 1000, North Macedonia",+389 2 306 7428,Closed,10a.m.–12a.m.,10a.m.–12a.m.,10a.m.–12a.m.,10a.m.–12a.m.,10a.m.–12a.m.,10a.m.–12a.m.
349,Gradska Kafeana Dvor,4.4,330.0,Restaurant,·  Dine-in  ·  Takeout,"Mitropolit Teodosij Gologanov 67, Skopje 1000, North Macedonia",+389 2 311 1261,8a.m.–12a.m.,8a.m.–12a.m.,8a.m.–12a.m.,8a.m.–12a.m.,8a.m.–1a.m.,8a.m.–1a.m.,8a.m.–12a.m.
350,Гостилница „Турист“,3.5,61.0,Restaurant,·  Takeout,"Old Bazaar, gradishte 14, Skopje 1000, North Macedonia",+389 71 627 393,10a.m.–10p.m.,10a.m.–10p.m.,10a.m.–10p.m.,10a.m.–10p.m.,10a.m.–10p.m.,10a.m.–10p.m.,10a.m.–10p.m.
351,Kosmos Kebabchilnica,4.6,330.0,Restaurant,·  Dine-in  ·  Takeout,"2C3Q+29F, Ul.Pokriena Carsija, Pokriena Charshija, Skopje 1000, North Macedonia",+389 2 321 1908,7a.m.–9p.m.,7a.m.–9p.m.,7a.m.–9p.m.,7a.m.–9p.m.,7a.m.–9p.m.,7a.m.–9p.m.,7a.m.–9p.m.
352,Daily Food & Wine Lisa,4.5,464.0,Restaurant,·  Dine-in  ·  Takeout,"Vidoe Smilevski Bato 8, Skopje 1000, North Macedonia",+389 70 358 500,8a.m.–12a.m.,8a.m.–12a.m.,8a.m.–12a.m.,8a.m.–12a.m.,8a.m.–12a.m.,8a.m.–1a.m.,8a.m.–10p.m.
353,Gala Kitchen Skopje,3.7,635.0,Restaurant,·  Dine-in  ·  Takeout  ·  Delivery,"293W+89X, Skopje 1000, North Macedonia",+389 71 758 475,7a.m.–3a.m.,7a.m.–3a.m.,7a.m.–3a.m.,7a.m.–3a.m.,7a.m.–3a.m.,7a.m.–3a.m.,7a.m.–3a.m.
354,Restaurant Amanet,4.3,15.0,Restaurant,·  Dine-in  ·  Takeout,"Jordan Mijalkov 62, Skopje 1000, North Macedonia",+389 2 311 0029,9a.m.–12a.m.,9a.m.–12a.m.,9a.m.–12a.m.,9a.m.–12a.m.,9a.m.–12a.m.,9a.m.–12a.m.,9a.m.–12a.m.
355,Kantina,4.4,35.0,Restaurant,·  Dine-in  ·  Takeout  ·  Delivery,"Radnjanska 6, Skopje 1000, North Macedonia",+389 70 222 137,8a.m.–12a.m.,8a.m.–12a.m.,8a.m.–12a.m.,8a.m.–12a.m.,8a.m.–1a.m.,8:30a.m.–1a.m.,8:30a.m.–12a.m.
356,Debar Maalo Skopje,4.4,1576.0,Restaurant,·  Dine-in  ·  Curbside pickup,"Orce Nikolov 136, Skopje 1000, North Macedonia",+389 70 272 766,8a.m.–12a.m.,8a.m.–12a.m.,8a.m.–12a.m.,8a.m.–12a.m.,8a.m.–1a.m.,12p.m.–1a.m.,12–8p.m.
357,The House - Fine dine & Wine restaurant,4.4,24.0,Restaurant,·  Dine-in  ·  Takeout,"Stiv Naumov, D 102, Skopje 1000, North Macedonia",+389 2 820 0311,7a.m.–11:55p.m.,7a.m.–11:55p.m.,7a.m.–11:55p.m.,7a.m.–11:55p.m.,7a.m.–11:55p.m.,7a.m.–11:55p.m.,7a.m.–11:55p.m.
358,Fontana Grill,4.5,15.0,Restaurant,·  Dine-in  ·  Takeout,"Rajko Zhinzifov 26, Skopje 1000, North Macedonia",+389 77 551 389,9a.m.–11p.m.,9a.m.–11p.m.,9a.m.–11p.m.,9a.m.–11p.m.,9a.m.–11p.m.,9a.m.–11p.m.,1–9p.m.
359,Meze,4.3,885.0,Restaurant,·  Dine-in  ·  Takeout  ·  Delivery,"Бул. Кузман Јосифовски Питу бб, Skopje 1000, North Macedonia",+389 2 612 1214,9a.m.–12a.m.,9a.m.–12a.m.,9a.m.–12a.m.,9a.m.–12a.m.,9a.m.–1a.m.,9a.m.–1a.m.,9a.m.–12a.m.
360,La Tana,4.1,929.0,Restaurant,·  Dine-in  ·  Takeout,"XCQQ+QMP, Skopje 1000, North Macedonia",+389 77 592 211,8a.m.–1a.m.,8a.m.–1a.m.,8a.m.–1a.m.,8a.m.–1a.m.,8a.m.–1a.m.,8a.m.–1a.m.,8a.m.–12a.m.
361,Fish Restoran,4.5,759.0,Fish restaurant,·  Dine-in  ·  Takeout,"2C76+6P7, Skupi 5a, Skopje 1000, North Macedonia",+389 70 779 977,9a.m.–11:59p.m.,9a.m.–11:59p.m.,9a.m.–11:59p.m.,9a.m.–11:59p.m.,9a.m.–1a.m.,9a.m.–1a.m.,9a.m.–11:59p.m.
362,Three Kitchen & Bar,4.3,418.0,Restaurant,·  Dine-in  ·  Takeout,"50-та Дивизија 25, Skopje 1000, North Macedonia",+389 70 282 788,9a.m.–12a.m.,9a.m.–12a.m.,9a.m.–12a.m.,9a.m.–12a.m.,9a.m.–1a.m.,9a.m.–1a.m.,Closed
363,Park,4.3,336.0,Restaurant,·  Dine-in  ·  Takeout,"Ul, Кеј 13-ти Ноември 4A, Skopje 1000, North Macedonia",+389 72 226 123,Closed,10a.m.–12a.m.,10a.m.–12a.m.,10a.m.–12a.m.,10a.m.–12a.m.,3p.m.–12a.m.,3p.m.–12a.m.
364,Madjo 2.0,4.4,436.0,Restaurant,·  Dine-in  ·  Takeout  ·  Delivery,"MK, Mihail Cokov 8a, Skopje 1000, North Macedonia",+389 78 428 300,10a.m.–12a.m.,10a.m.–12a.m.,10a.m.–12a.m.,10a.m.–12a.m.,10a.m.–12a.m.,10a.m.–12a.m.,10a.m.–12a.m.
365,Гранче,4.8,126.0,Restaurant,·  Dine-in  ·  Takeout,"Sv. Kiril i Metodij 1000, Skopje 1000, North Macedonia",+389 70 353 668,10a.m.–3p.m.,10a.m.–3p.m.,10a.m.–3p.m.,10a.m.–3p.m.,10a.m.–3p.m.,10a.m.–3p.m.,Closed
366,Enriko Pizza & Pasta,4.5,1994.0,Restaurant,·  Dine-in  ·  Takeout  ·  Delivery,"293X+7RC, T.C. Leptokarija, Blvd. Partizanski Odredi, Skopje 1000, North Macedonia",+389 2 306 1273,8a.m.–12a.m.,8a.m.–12a.m.,8a.m.–12a.m.,8a.m.–12a.m.,8a.m.–1a.m.,8a.m.–1a.m.,10a.m.–12a.m.
367,Teteks 2,4.2,336.0,Fast food restaurant,·  Dine-in  ·  Takeout,"Ulica Bitpazarska br.92, Skopje 1000, North Macedonia",+389 77 557 555,8a.m.–12a.m.,8a.m.–12a.m.,8a.m.–12a.m.,8a.m.–12a.m.,8a.m.–12a.m.,8a.m.–12a.m.,8a.m.–12a.m.
368,Star Ocean Restaurant,3.9,525.0,Chinese restaurant,·  Dine-in  ·  Takeout  ·  No-contact delivery,"Лермонтова 19, Скопје 1000, North Macedonia",+389 2 322 2723,10a.m.–12a.m.,10a.m.–12a.m.,10a.m.–12a.m.,10a.m.–12a.m.,10a.m.–1a.m.,11a.m.–1a.m.,11a.m.–12a.m.
369,Dneven Prestoj - Boemska ulica,4.1,568.0,Restaurant,·  Dine-in  ·  Takeout  ·  Delivery,"Gjorgji Peshkov 5, Skopje 1000, North Macedonia",+389 2 310 0605,9a.m.–12a.m.,9a.m.–12a.m.,9a.m.–12a.m.,9a.m.–12a.m.,9a.m.–1a.m.,9a.m.–1a.m.,9a.m.–12a.m.
370,Public Room,4.5,1895.0,Restaurant,·  Dine-in  ·  Takeout,"MK, 50-та Дивизија 22, Skopje 1000, North Macedonia",+389 78 250 554,8a.m.–12a.m.,8a.m.–12a.m.,8a.m.–12a.m.,8a.m.–12a.m.,8a.m.–1a.m.,9a.m.–1a.m.,9a.m.–12a.m.
371,Bella Vista - Lounge Bar & Restaurant,4.2,1575.0,Italian restaurant,·  Dine-in  ·  Takeout,"Kej 13 noemvri, Skopje, North Macedonia",+389 78 255 842,8a.m.–12a.m.,8a.m.–12a.m.,8a.m.–12a.m.,8a.m.–12a.m.,8a.m.–1a.m.,8a.m.–1a.m.,8a.m.–12a.m.
372,Rulet,4.4,343.0,Barbecue restaurant,·  Dine-in  ·  Takeout,"Simeon Kavrakirov 9, Skopje 1000, North Macedonia",+389 75 414 999,8a.m.–12a.m.,8a.m.–12a.m.,8a.m.–12a.m.,8a.m.–12a.m.,8a.m.–1a.m.,10a.m.–1a.m.,Closed
373,Crispy - Chimney Cakes & Coffee,5.0,24.0,Restaurant,·  Dine-in  ·  Takeout,"Bul, Blvd Partizanski Odredi Br.64b, Skopje 1000, Skopje, North Macedonia",+389 76 455 501,9a.m.–10p.m.,9a.m.–10p.m.,9a.m.–10p.m.,9a.m.–10p.m.,9a.m.–10p.m.,9a.m.–10p.m.,Closed
374,Kej,4.2,363.0,Eastern European restaurant,·  Dine-in  ·  Takeout,"Kej 13th November 34, Skopje 1000, North Macedonia",+389 2 323 3764,8a.m.–1:15a.m.,8a.m.–1:15a.m.,8a.m.–1:15a.m.,8a.m.–1:15a.m.,8a.m.–1:15a.m.,8a.m.–1:15a.m.,8a.m.–1:15a.m.
375,MoonLight,4.3,79.0,Restaurant,·  Dine-in  ·  Takeout,"Drezdenska 19, lamela 2, lokal 9, Skopje 1000, North Macedonia",+389 71 533 001,8a.m.–12a.m.,8a.m.–12a.m.,8a.m.–12a.m.,8a.m.–12a.m.,8a.m.–12a.m.,9a.m.–12a.m.,Closed
376,Kalabalak (Crowded),4.4,293.0,Restaurant,·  Dine-in  ·  Takeout  ·  Delivery,"XCRR+343, Boulevard Krushevska Republika, Skopje 1000, North Macedonia",+389 2 609 1114,8a.m.–12a.m.,8a.m.–12a.m.,8a.m.–12a.m.,8a.m.–12a.m.,8a.m.–12a.m.,8a.m.–12a.m.,8a.m.–12a.m.
377,Fitness House,4.3,576.0,Restaurant,·  Dine-in  ·  Takeout  ·  Delivery,"Bul. Partizanski Odredi Br. 40, Blvd. Partizanski Odredi 40, Skopje 1000, North Macedonia",+389 72 699 999,8a.m.–12a.m.,8a.m.–12a.m.,8a.m.–12a.m.,8a.m.–12a.m.,8a.m.–1a.m.,10a.m.–1a.m.,10a.m.–12a.m.
378,Dojrana,4.5,1352.0,Restaurant,·  Dine-in  ·  Takeout  ·  Delivery,"XFX6+42V, 16-ta Makedonska Brigada, Skopje 1000, North Macedonia",+389 2 317 5037,8a.m.–11:59p.m.,8a.m.–11:59p.m.,8a.m.–11:59p.m.,8a.m.–11:59p.m.,8a.m.–11:59p.m.,8a.m.–11:59p.m.,Closed
379,Food Corner & Delivery,4.6,17.0,Restaurant,·  Takeout  ·  Delivery,"blvd. Gotse Deltchev, skopje 1000, North Macedonia",+389 70 228 203,8a.m.–5p.m.,8a.m.–5p.m.,8a.m.–5p.m.,8a.m.–5p.m.,8a.m.–5p.m.,Closed,Closed
380,Gama,4.5,498.0,Restaurant,·  Dine-in  ·  Takeout,"9, Boulevard Jane Sandanski 62, Skopje 1000, North Macedonia",,8a.m.–12a.m.,8a.m.–12a.m.,8a.m.–12a.m.,8a.m.–12a.m.,8a.m.–12a.m.,8a.m.–1a.m.,8a.m.–12a.m.
381,Food Service (aka 5ka),4.6,14.0,Restaurant,·  Dine-in  ·  Takeout,"3rd Macedonian Brigade, Skopje 1000, North Macedonia",+389 76 361 230,7a.m.–6p.m.,7a.m.–6p.m.,7a.m.–6p.m.,7a.m.–6p.m.,7a.m.–6p.m.,9a.m.–3p.m.,Closed
382,Altan,4.6,511.0,Restaurant,·  Dine-in  ·  Takeout,"XCR8+W7W, Vasil Gjorgov, Skopje 1000, North Macedonia",+389 2 322 2224,Closed,10a.m.–12a.m.,10a.m.–12a.m.,10a.m.–12a.m.,10a.m.–12a.m.,10a.m.–12a.m.,10a.m.–12a.m.
383,Teteks 5,4.5,75.0,Fast food restaurant,·  Dine-in  ·  Curbside pickup  ·  Delivery,"ul, Orce Nikolov 206, Skopje 1000, North Macedonia",+389 76 445 544,8a.m.–11p.m.,8a.m.–11p.m.,8a.m.–11p.m.,8a.m.–11p.m.,8a.m.–11p.m.,8a.m.–11p.m.,12p.m.–12a.m.
384,SushiCo,4.3,751.0,Japanese restaurant,·  Dine-in  ·  Takeout  ·  No-contact delivery,"MK MK, Leninova 29, Skopje 1000, North Macedonia",+389 2 321 7874,10a.m.–12a.m.,10a.m.–12a.m.,10a.m.–12a.m.,10a.m.–12a.m.,10a.m.–12a.m.,10a.m.–12a.m.,10a.m.–12a.m.
385,Street Food,4.3,23.0,Fast food restaurant,·  Dine-in  ·  Curbside pickup,"MK, Nikola Rusinski 3a, Skopje 1000, North Macedonia",+389 75 251 443,9a.m.–9p.m.,9a.m.–9p.m.,9a.m.–9p.m.,9a.m.–9p.m.,9a.m.–9p.m.,9a.m.–9p.m.,Closed
386,Гостилница/Скара на кило ЈАКАБО,4.2,31.0,Restaurant,·  Dine-in  ·  Takeout,"Angel Dimovski 4, Skopje 1000, North Macedonia",+389 71 774 269,9a.m.–8p.m.,9a.m.–8p.m.,9a.m.–8p.m.,9a.m.–8p.m.,9a.m.–8p.m.,10a.m.–6p.m.,10a.m.–6p.m.
387,Creperie,4.8,47.0,Restaurant,·  Dine-in  ·  Curbside pickup,"ul MK, Cvetan Dimov br.192, Skopje 1000, North Macedonia",+389 75 246 413,5p.m.–12a.m.,5p.m.–12a.m.,5p.m.–12a.m.,5p.m.–12a.m.,5p.m.–1a.m.,5p.m.–1a.m.,5p.m.–12a.m.
388,Sultan Lounge Restaurant,4.2,32.0,Restaurant,·  Dine-in,"Butel, Skopje, 1000, North Macedonia",+389 70 337 112,8a.m.–1a.m.,8a.m.–1a.m.,8a.m.–1a.m.,8a.m.–1a.m.,8a.m.–1a.m.,8a.m.–1a.m.,8a.m.–1a.m.
389,Markt Kitchen,4.3,218.0,Health food restaurant,·  Dine-in  ·  Takeout  ·  Delivery,"MK, Naum Naumovski Borche bb, Skopje 1000, North Macedonia",+389 78 423 815,,,,,,,
390,ДежаВу - Капитол мол,4.0,1714.0,Mediterranean restaurant,·  Dine-in  ·  Curbside pickup  ·  No-contact delivery,"Boulevard Jane Sandanski 71A, Skopje 1000, North Macedonia",+389 76 304 009,8a.m.–12a.m.,8a.m.–12a.m.,8a.m.–12a.m.,8a.m.–12a.m.,8a.m.–12a.m.,8a.m.–12a.m.,8a.m.–12a.m.
391,Fat Kitchen Bistro,4.6,163.0,Bistro,·  Dine-in  ·  Curbside pickup  ·  No-contact delivery,"Ул. Владимир Полежиновски 23, 1000, North Macedonia",+389 71 888 739,,,,,,,
392,Chef - Homecooking & Salads,2.8,6.0,Restaurant,·  Dine-in  ·  Curbside pickup  ·  No-contact delivery,"Dimitrija Chupovski, ul MK, Skopje 1000, North Macedonia",+389 75 423 097,,,,,,,
393,Çiğ Köfte Skopje,4.5,40.0,Turkish restaurant,·  Dine-in  ·  Takeout,"2C3Q+4C2, Pokriena Charshija, Skopje 1000, North Macedonia",+389 78 340 634,10a.m.–12a.m.,10a.m.–12a.m.,10a.m.–12a.m.,10a.m.–12a.m.,10a.m.–12a.m.,10a.m.–12a.m.,6p.m.–12a.m.
394,Ljuc,4.3,316.0,Restaurant,·  Dine-in  ·  Takeout,"Jordan Mijalkov Железничка б.б., Skopje 1000, North Macedonia",+389 77 594 039,11a.m.–6p.m.,10a.m.–6p.m.,10a.m.–6p.m.,10a.m.–6p.m.,10a.m.–6p.m.,10a.m.–6p.m.,Closed
395,Garden Cafe & Restaurant,4.6,8.0,Restaurant,·  Dine-in  ·  Takeout,"Chair, Skopje skopje MK, 1000, North Macedonia",+389 70 687 363,9a.m.–12a.m.,9a.m.–12a.m.,9a.m.–12a.m.,9a.m.–12a.m.,9a.m.–12a.m.,9a.m.–12a.m.,9a.m.–11:30p.m.
396,7 Skara Restoran,4.6,329.0,Barbecue restaurant,·  Dine-in  ·  Takeout,"MK, Vasil Glavinov, Skopje 1000, North Macedonia",+389 2 322 4000,9a.m.–12a.m.,9a.m.–12a.m.,9a.m.–12a.m.,9a.m.–12a.m.,9a.m.–12a.m.,9a.m.–12a.m.,Closed
397,Špajz,4.1,478.0,Restaurant,·  Dine-in  ·  Takeout,"Gjorgji Peshkov 10, Skopje 1000, North Macedonia",+389 75 243 663,8a.m.–12a.m.,8a.m.–12a.m.,8a.m.–12a.m.,8a.m.–12a.m.,8a.m.–1a.m.,8a.m.–1a.m.,8a.m.–12a.m.
398,Боемска гостилница Еж / Bohemian restaurant Ezh,,,Restaurant,·  Dine-in  ·  Takeout,"50 divizija 33, Skopje 1000, North Macedonia",,8:30a.m.–12a.m.,8:30a.m.–12a.m.,8:30a.m.–12a.m.,8:30a.m.–12a.m.,8:30a.m.–12a.m.,8:30a.m.–12a.m.,8:30a.m.–12a.m.
399,Paradise Food,4.7,75.0,Vegan restaurant,·  Dine-in  ·  Takeout  ·  No-contact delivery,"Dame Gruev broj 7, Skopje 1000, North Macedonia",+389 76 424 104,8a.m.–8p.m.,8a.m.–8p.m.,8a.m.–8p.m.,8a.m.–8p.m.,8a.m.–4p.m.,Closed,8a.m.–8p.m.
400,Old Balkan National Restaurant,4.1,9.0,Restaurant,·  Dine-in  ·  Takeout,"28 Local 13 Bit Pazarska, North Macedonia",+389 70 713 333,8a.m.–8p.m.,8a.m.–8p.m.,8a.m.–8p.m.,8a.m.–8p.m.,8a.m.–8p.m.,8a.m.–8p.m.,8a.m.–8p.m.
401,The Pizza Place,4.3,52.0,Restaurant,·  Dine-in  ·  Takeout  ·  Delivery,"XCVR+5JJ, Skopje 1000, North Macedonia",+389 70 204 134,10a.m.–10p.m.,10a.m.–10p.m.,10a.m.–10p.m.,10a.m.–10p.m.,10a.m.–10p.m.,10a.m.–10p.m.,10a.m.–10p.m.
402,Bien,4.2,221.0,Restaurant,·  Dine-in  ·  Takeout,"23 Oktomvri 11a, Skopje 1000, North Macedonia",+389 70 822 799,8a.m.–12a.m.,8a.m.–12a.m.,8a.m.–12a.m.,8a.m.–12a.m.,8a.m.–12a.m.,8a.m.–12a.m.,8a.m.–12a.m.
403,Skara Na Kilo Jovana ZAR,4.2,178.0,Bar & grill,·  Dine-in  ·  Takeout,"Московска, Skopje 1000, North Macedonia",+389 78 308 284,7a.m.–12a.m.,7a.m.–12a.m.,7a.m.–12a.m.,7a.m.–12a.m.,7a.m.–1a.m.,7a.m.–1a.m.,7a.m.–1a.m.
404,Delfin,4.4,18.0,Restaurant,·  Dine-in  ·  Takeout,"Green Market, 11th October St. 16, Skopje 1000, North Macedonia",+389 2 322 3021,9a.m.–11p.m.,9a.m.–11p.m.,9a.m.–11p.m.,9a.m.–11p.m.,9a.m.–11p.m.,9a.m.–11p.m.,9a.m.–11p.m.
405,Vega,4.4,121.0,Vegan restaurant,·  Dine-in  ·  Takeout,"Franklin Ruzvelt 20, Skopje 1000, North Macedonia",+389 2 312 3402,8a.m.–8p.m.,8a.m.–8p.m.,8a.m.–8p.m.,8a.m.–8p.m.,8a.m.–8p.m.,9a.m.–2p.m.,Closed
406,Bllaca,4.6,8.0,Restaurant,·  Dine-in  ·  Takeout,"2C2Q+V3J, Bojadziska, Skopje 1000, North Macedonia",,9a.m.–11:30p.m.,9a.m.–12a.m.,9a.m.–11:30p.m.,9a.m.–11:30p.m.,9a.m.–12a.m.,9a.m.–12a.m.,9a.m.–11:30p.m.
407,Hamza,4.3,327.0,Turkish restaurant,·  Dine-in  ·  Takeout,"2C5V+37M, Skopje 1000, North Macedonia",+389 72 256 317,Open 24 hours,Open 24 hours,Open 24 hours,Open 24 hours,Open 24 hours,Open 24 hours,Open 24 hours
408,Restaurant Pizzeria Plus,4.0,3.0,Restaurant,·  Dine-in  ·  Takeout,"Chair, Skopje Skopje MK, 1000, North Macedonia",+389 72 733 125,7a.m.–12a.m.,7a.m.–12a.m.,Open 24 hours,7a.m.–12a.m.,7a.m.–12a.m.,7a.m.–12a.m.,7a.m.–12a.m.
409,Pizzeria Luna,5.0,2.0,Restaurant,·  Dine-in  ·  Takeout,"Macedonia Square, Skopje, Skopje 1000, North Macedonia",+389 70 737 140,8a.m.–12a.m.,8a.m.–12a.m.,8a.m.–12a.m.,8a.m.–12a.m.,8a.m.–12a.m.,8a.m.–12a.m.,8a.m.–12a.m.
410,Dren Restaurant / ДРЕН Ресторан,4.6,59.0,Vegan restaurant,·  Dine-in  ·  Takeout,"MK MK, New Delhi Rd 13, Skopje 1000, North Macedonia",+389 75 287 319,9a.m.–12a.m.,9a.m.–12a.m.,9a.m.–12a.m.,9a.m.–12a.m.,9a.m.–12a.m.,9a.m.–12a.m.,10a.m.–6p.m.
411,Kibo Club,4.2,5.0,Restaurant or cafe,·  Dine-in  ·  Takeout,"Dame Gruev 16, Skopje, 1000, North Macedonia",+389 75 405 105,8a.m.–12a.m.,8a.m.–12a.m.,8a.m.–12a.m.,8a.m.–12a.m.,8a.m.–1a.m.,8:30a.m.–1a.m.,8:30a.m.–12a.m.
412,Plaza Fish Restaurant,,,Fish & chips restaurant,·  Dine-in  ·  Takeout,"Boulevard 8-mi Septemvri 2, Skopje 1000, North Macedonia",,9a.m.–12a.m.,9a.m.–12a.m.,9a.m.–12a.m.,9a.m.–12a.m.,9a.m.–12a.m.,9a.m.–12a.m.,9a.m.–12a.m.
413,Dea,4.3,102.0,Restaurant,·  Dine-in  ·  Takeout,"2C8V+QQV, Krste Asenov, Skopje 1000, North Macedonia",+389 70 999 885,8a.m.–12a.m.,8a.m.–12a.m.,8a.m.–12a.m.,8a.m.–12a.m.,8a.m.–12a.m.,8a.m.–12a.m.,8a.m.–12a.m.
414,Kaj Dule,4.4,330.0,Fish restaurant,·  Dine-in  ·  Takeout,"X9WX+4MJ, Улица Миле Попјорданов, Skopje 1000, North Macedonia",+389 70 341 224,9a.m.–11:59p.m.,9a.m.–11:59p.m.,9a.m.–11:59p.m.,9a.m.–11:59p.m.,9a.m.–1a.m.,9a.m.–1a.m.,11a.m.–7p.m.
415,Catena Panini & Grill,,,Barbecue restaurant,·  Dine-in  ·  Takeout,"Bulevar Partizanski Odredi Br.98 Skopje MK, 1000, North Macedonia",+389 75 322 073,,,,,,,
416,Млечен бар,4.6,114.0,Bar,·  Dine-in  ·  Takeout,"MK, Ankarska 21, Skopje 1000, North Macedonia",+389 70 303 603,8a.m.–12a.m.,8a.m.–12a.m.,8a.m.–12a.m.,8a.m.–12a.m.,8a.m.–1a.m.,8a.m.–1a.m.,8a.m.–1a.m.
417,Restaurant - Pizza Fa & Fa,4.5,222.0,Restaurant,·  Dine-in  ·  Takeout  ·  No-contact delivery,"2C9R+RCX, Arhiepiskop Dositej, Skopje 1000, North Macedonia",+389 70 335 091,8a.m.–12a.m.,8a.m.–12a.m.,8a.m.–12a.m.,8a.m.–11p.m.,8a.m.–11p.m.,8a.m.–11p.m.,Closed
418,Kiosk Burger Bar,4.3,887.0,Hamburger restaurant,·  Dine-in  ·  Takeout  ·  Delivery,"Leninova 64, Skopje 1000, North Macedonia",+389 77 408 777,9a.m.–12a.m.,9a.m.–12a.m.,9a.m.–12a.m.,9a.m.–12a.m.,9a.m.–12a.m.,12p.m.–12a.m.,1–10p.m.
419,City Mall Food Court,4.4,119.0,Restaurant,·  Dine-in  ·  Takeout,"293R+VF8, Skopje 1000, North Macedonia",,10a.m.–10p.m.,10a.m.–10p.m.,10a.m.–10p.m.,10a.m.–10p.m.,10a.m.–10p.m.,10a.m.–10p.m.,10a.m.–10p.m.
420,Restorant Aksaray Bit Pazar,5.0,2.0,Restaurant,·  Dine-in  ·  Takeout,"2C3Q+2QR, Skopje 1000, North Macedonia",+389 70 576 345,9a.m.–12a.m.,9a.m.–12a.m.,9a.m.–12a.m.,9a.m.–12a.m.,9a.m.–12a.m.,9a.m.–12a.m.,10a.m.–10p.m.
421,Mezzo Lounge,3.6,5.0,Restaurant,·  Dine-in  ·  Takeout,"2C73+HJ4, Skupi, Skopje 1000, North Macedonia",,8a.m.–12a.m.,8a.m.–12a.m.,8a.m.–12a.m.,8a.m.–12a.m.,8a.m.–1a.m.,8a.m.–1a.m.,8a.m.–12a.m.
