title,rating,reviewCount,category,attributes,address,phoneNumber,monday,tuesday,wednesday,thursday,friday,saturday,sunday,imgUrl,latitude,longitude
The Gallery Caffe,4.5,1103,Cafe,Dine-in;Curbside pickup;Delivery;,MK MK MK Franklin Ruzvelt 63a lok. 2 Skopje 1000,+389 72 535 353,7:30AM–12AM,7:30AM–12AM,7:30AM–12AM,7:30AM–12AM,7:30AM–1AM,8AM–1AM,8AM–12AM,https://lh5.googleusercontent.com/p/AF1QipMAa215dA5VFd480on_J3wx9aeBpNKdWwCpHCG0=w408-h408-k-no,42.0036875,21.4149375
Gorki Cafe,4.4,986,Cafe,Dine-in;Takeout;Delivery;,MK Luj Paster 1000 Skopje 1000,+389 71 273 380,9AM–12AM,9AM–12AM,9AM–12AM,9AM–12AM,9AM–1AM,9AM–1AM,12PM.–12AM,https://lh5.googleusercontent.com/p/AF1QipNyizwz3RTzePSRGjz1A2lP3Qpyyzc4jh1OeY-s=w408-h306-k-no,41.9930625,21.4304375
Drip Coffee,4.8,186,Cafe,Dine-in;Takeout;Delivery;,Elisie Popovski Marko 10 Skopje 1000,+389 70 393 710,Open 24 hours,Open 24 hours,Open 24 hours,Open 24 hours,Open 24 hours,Open 24 hours,Closed,https://lh5.googleusercontent.com/p/AF1QipPNEh6ZDZ30Iizf692VxsVKJNX0pvfd-AE_1fUk=w426-h240-k-no,41.9905625,21.4148125
Cafe Bocata,4.2,550,Cafe,Dine-in;Delivery;,MK Nikola Vapcarov 1 Skopje 1000,+389 2 311 0715,8AM–12AM,8AM–12AM,8AM–12AM,8AM–12AM,8AM–1AM,8AM–1AM,8AM–12AM,https://lh5.googleusercontent.com/p/AF1QipNrDwKhHmVQl14LeC3Gy8EdOjNnLIG3XMd5-mG5=w408-h272-k-no,41.9956875,21.4310625
Broz Cafe,4.2,774,Cafe,Dine-in;Takeout;Delivery;,MK Blvd. Partizanski Odredi Skopje 1000,+389 77 590 419,8AM–12AM,8AM–12AM,8AM–12AM,8AM–12AM,8AM–1AM,8AM–1AM,9AM–1AM,https://lh5.googleusercontent.com/p/AF1QipO41_GcST4doBIktVomNsuqTyiZVWAtY3VgWeDm=w408-h544-k-no,42.0001875,21.4168125
Izlet,4.3,702,Cafe,Takeout;Delivery;,Nikola Trimpare 15 Skopje 1000,+389 76 909 909,9AM–1AM,9AM–1AM,9AM–1AM,9AM–1AM,9AM–1AM,9AM–1AM,9AM–1AM,https://lh5.googleusercontent.com/p/AF1QipPKqj7MpGDVuRP7QrSpeYGfX3aOiO_g9Nr7VxVn=w408-h544-k-no,41.9971875,21.4244375
Espresso bar La Strega,4.6,357,Cafe,Takeout;Delivery;,Boulevard Jane Sandanski 12 Skopje 1000,+389 75 525 461,8AM–12AM,8AM–12AM,8AM–12AM,8AM–12AM,8AM–12AM,8AM–12AM,10AM–10PM.,https://lh5.googleusercontent.com/p/AF1QipOSRm6oMIrt8S5WNSjKKmoF8BJAXHhSVJwu6Tcq=w408-h306-k-no,41.9880625,21.4546875
Belier,4.3,504,Cafe,Delivery;,Kosturski Heroi 38 Skopje 1000,+389 70 340 550,8AM–12AM,8AM–12AM,8AM–12AM,8AM–12AM,8AM–1AM,8AM–1AM,8AM–12AM,https://lh5.googleusercontent.com/p/AF1QipMvsV6orVhp_SO4dHWDR9iQ7-mxXktwVxMxirVO=w408-h257-k-no,41.9985625,21.4169375
Capri Coffee Bar,4.6,566,Cafe,Takeout;Delivery;,MK Атинска 25 Skopje 1000,+389 71 365 535,8:30AM–1AM,8:30AM–1AM,8:30AM–1AM,8:30AM–1AM,8:30AM–1AM,8:30AM–1AM,9AM–1AM,https://lh5.googleusercontent.com/p/AF1QipN09WYU__8XHzuPQ5sdujQlFtf7o_KWzqSbOcHg=w408-h288-k-no,41.9969375,21.4095625
Central Perk,4.7,143,Cafe,Dine-in;Takeout;,Skopje 1000,,8AM–11PM.,8AM–11PM.,8AM–11PM.,8AM–11PM.,8AM–11PM.,8AM–11PM.,8AM–11PM.,https://lh5.googleusercontent.com/p/AF1QipPkvXnw4OM5dw7FBuPElG236Bw7A9LNtagH4C-T=w408-h544-k-no,41.9976875,21.3980625
Coffee Factory,4.4,208,Cafe,Delivery;,Aminta Treti 33 Skopje 1000,+389 70 329 946,8AM–12AM,8AM–12AM,8AM–12AM,8AM–12AM,8AM–12AM,8AM–12AM,10AM–12AM,https://lh5.googleusercontent.com/p/AF1QipMMFf5eWGENSHhmwTgQu-5k1Bfq8Lwh39Kidpkc=w408-h544-k-no,41.9991875,21.4234375
Knox,4.1,120,Cafe,Delivery;,Skopje 1000 706 Skopje 1000,+389 75 304 009,8:30AM–12AM,8:30AM–12AM,8:30AM–12AM,8:30AM–12AM,8:30AM–12AM,8:30AM–12AM,8:30AM–12AM,https://lh5.googleusercontent.com/p/AF1QipMf75OzRpI7rdfvzqE6x8BQO0sUrA1Z8xNPA7Np=w408-h306-k-no,41.9925625,21.4413125
Get,4.4,1901,Cafe,Dine-in;Takeout;Delivery;,Skopje 1000,+389 2 277 7457,8AM–12AM,8AM–12AM,8AM–12AM,8AM–12AM,8AM–1AM,8AM–1AM,9AM–12AM,https://lh5.googleusercontent.com/p/AF1QipMnZYZBz7sNq8JIHuHR9n4sJL3uOVRplXH07hV4=w408-h544-k-no,41.9728125,21.4449375
Coffee shop Mulliri,4.3,160,Cafe,Dine-in;Takeout;Delivery;,Chair Skopje 1000,,7AM–11PM.,7AM–11PM.,7AM–11PM.,7AM–11PM.,7AM–11PM.,7AM–11PM.,7AM–11PM.,https://lh5.googleusercontent.com/p/AF1QipOKivFGqDs8E-6VLsRIoN93Um-vT6ix4PYeXPMo=w408-h862-k-no,41.9976875,21.4345625
Mon Ami,4.7,9,Cafe,Dine-in;,Lazar Tanev 42 Skopje 1000,+389 75 839 288,8AM–10PM.,8AM–10PM.,8AM–10PM.,8AM–10PM.,8AM–10PM.,8AM–10PM.,8AM–10PM.,https://lh5.googleusercontent.com/p/AF1QipMqJ2OF1tV8G-huej55hyKYV-UFPWdFN1YiIwJA=w408-h306-k-no,42.0004375,21.4371875
La CAFE,4.3,100,Cafe,Delivery;,Kraishka 20 Skopje 1000,,9AM–12AM,9AM–12AM,9AM–12AM,9AM–12AM,9AM–12AM,9AM–12AM,9AM–12AM,https://lh5.googleusercontent.com/p/AF1QipMgvV315EDoszlmtwQc48_ugvNRsVHigTxkCQEJ=w408-h544-k-no,42.0303125,21.4454375
Cafe Le Petit,4.6,643,Cafe,Delivery;,Trifun Hadzijanev K3 Skopje 1000,+389 70 235 176,Open 24 hours,Open 24 hours,Open 24 hours,Open 24 hours,Open 24 hours,Open 24 hours,12–11PM.,https://lh5.googleusercontent.com/p/AF1QipN7ZpQekyKGblKYny8OhiackvWoTkPik6yLrcmq=w408-h481-k-no,42.0026875,21.4613125
Phoenix Coffee Bar,4.9,14,Cafe,;,Московска 7 Skopje 1000,+389 77 743 063,8AM–12AM,8AM–12AM,8AM–12AM,8AM–12AM,8AM–12AM,8AM–12AM,10AM–10PM.,https://lh5.googleusercontent.com/p/AF1QipMDfpVoedP2Fy4q36lCDpF0qDlodnH5Eda8uqi_=w426-h240-k-no,42.0020625,21.3903125
Буква / Bookva,4.6,26,Cafe,;,Centar Skopje 1000,+389 72 213 107,11AM–11PM.,11AM–11PM.,11AM–11PM.,11AM–11PM.,11AM–11PM.,11AM–11PM.,12–11PM.,https://lh5.googleusercontent.com/p/AF1QipNkIe1yjy-sX-eVB9MpwR3_r57VlE4ifIeKDy7N=w408-h543-k-no,41.9930625,21.4310625
Play Cafe,4.2,807,Cafe,Takeout;,Skopje 1000,+389 78 212 271,8AM–12AM,8AM–12AM,8AM–12AM,8AM–12AM,8AM–1AM,8AM–1AM,8AM–12AM,https://lh5.googleusercontent.com/p/AF1QipPfAoZpmvHwfz8hZ8dxH0wAzZEXNNjj8cFBg2c1=w408-h306-k-no,42.0039375,21.3923125
Mola,4.9,60,Cafe,Takeout;,Salih Asim 23 Skopje old bazaar MK 1000,+389 70 929 840,8AM–11PM.,8AM–11PM.,8AM–11PM.,8AM–11PM.,8AM–11PM.,8AM–11PM.,Closed,https://lh5.googleusercontent.com/p/AF1QipObnV3zY3KQsHo0Pn6ZxAgq4iAaUj9Y47xVc3YE=w408-h544-k-no,41.9999375,21.4361875
Кафе бар Само / Samo Caffe Bar,4.7,179,Cafe,Delivery;,Orce Nikolov 75 Skopje 1000,+389 70 270 599,4PM.–12AM,4PM.–12AM,4PM.–12AM,4PM.–12AM,5PM.–1AM,5PM.–1AM,4PM.–12AM,https://lh5.googleusercontent.com/p/AF1QipP3KY96eZik5EINBwyagorAV0kaII3C06-5n1XB=w426-h240-k-no,42.0001875,21.4251875
Che,4.7,823,Cafe,Delivery;,2 Kosturski Heroi 15 Skopje 1000,+389 78 383 893,8AM–12PM.,8AM–12PM.,8AM–12PM.,8AM–12PM.,8AM–1AM,8AM–1AM,8AM–12PM.,https://lh5.googleusercontent.com/p/AF1QipOrtQoJ7CWrTOqoiM9EuXXGKhOf-H3EbcRiRtHN=w408-h544-k-no,41.9989375,21.4173125
Rendezvous,4.6,242,Cafe,Takeout;Delivery;,Мајка Тереза Skopje 1000 MK 1000,+389 78 246 893,8AM–12AM,8AM–12AM,8AM–12AM,8AM–12AM,8AM–12AM,9AM–12AM,Closed,https://lh5.googleusercontent.com/p/AF1QipMTvg1xHEQ3r8QjbxQWn7DodJprlG_uIbAs-Mu5=w408-h725-k-no,41.9914375,21.4224375
Vinyl Coffee Bar,4.5,376,Cafe,Takeout;Dine-in;Delivery;,Park Ezerce Skopje 1000,+389 70 685 816,8AM–1AM,8AM–1AM,8AM–1AM,8AM–1AM,8AM–1AM,8AM–1AM,10AM–12AM,https://lh5.googleusercontent.com/p/AF1QipOXh2Wl4TWySeyOA7F3z7pvom2DZJDp2jxfBOh3=w408-h408-k-no,42.0050625,21.4234375
Sweet Life Saraj,4.5,15,Cafe,Dine-in;Takeout;Delivery;,Skopje Saraj Ul.20 br.bb Saraj-Skopje Skopje MK 1062,+389 70 338 838,8AM–12AM,8AM–12AM,8AM–12AM,8AM–12AM,8AM–12AM,8AM–12AM,8AM–12AM,https://lh5.googleusercontent.com/p/AF1QipM2ae3HrhrAFqC50FClEyZMgVmJmMsEH2K_2y5_=w408-h544-k-no,42.0058125,21.3330625
Urban Cafe,4.6,25,Cafe,;,Bitpazarska 15 Skopje 1000,+389 78 277 148,9AM–12AM,9AM–12AM,9AM–12AM,9AM–12AM,9AM–12AM,9AM–12AM,9AM–12AM,https://streetviewpixels-pa.googleapis.com/v1/thumbnail?panoid=qx70pExi-xOETHyGOv6P-g&cb_client=search.gws-prod.gps&w=408&h=240&yaw=9.282029&pitch=0&thumbfov=100,41.9999375,21.4371875
Cafe 9,4.3,254,Cafe,Delivery;,Vasil Gjorgov Skopje 1000,,9AM–12AM,9AM–12AM,9AM–12AM,9AM–12AM,9AM–1AM,9AM–1AM,9AM–5PM.,https://lh5.googleusercontent.com/p/AF1QipPa2IfnWgr-XinNB6mKJd8RRQOVQ6gb2xind-ZI=w408-h544-k-no,41.9933125,21.4164375
Sunshine Caffe,4.4,238,Cafe,Delivery;,пешачка патека Skopje 1000,+389 71 225 115,9AM–12AM,9AM–12AM,9AM–12AM,9AM–12AM,9AM–1AM,8AM–12AM,9AM–12AM,https://lh5.googleusercontent.com/p/AF1QipM_n8mj8mU1M3cf3uHklsvcafgndFZ7eNg6-cPm=w426-h240-k-no,41.9795625,21.4764375
Friends Caffe,4.6,58,Cafe,Dine-in;Curbside pickup;Delivery;,Blvd. Partizanski Odredi 9 Skopje 1000,+389 77 945 415,9AM–12AM,9AM–12AM,9AM–12AM,9AM–12AM,9AM–1AM,10AM–1AM,Closed,https://lh5.googleusercontent.com/p/AF1QipNrwqbdu28BB_Ay6FzIlGdkQtm2rcYxaGyMzVgW=w408-h543-k-no,41.9974375,21.4266875
Morning,4.6,313,Cafe,Delivery;,Aerodrom Skopje 1000,+389 78 266 622,8AM–12AM,8AM–12AM,8AM–12AM,8AM–12AM,8AM–1AM,8AM–1AM,8AM–12AM,https://lh5.googleusercontent.com/p/AF1QipM3PtoO371zoMlt9gsTPiVR7vYeINlR5daYNi2G=w408-h544-k-no,41.9869375,21.4525625
Piazza Liberta,4.5,486,Bar,Dine-in;Takeout;,Dimitrie Cupovski 24 Skopje 1000,+389 2 322 4807,8AM–12AM,8AM–12AM,8AM–12AM,8AM–12AM,8AM–12AM,8AM–12AM,Closed,https://lh5.googleusercontent.com/p/AF1QipO2NUkLfgrqy2dwU52b37KHxz14XXXhBhOGTB05=w408-h271-k-no,41.9955625,21.4261875
Spalato Caffe,4.3,229,Cafe,Delivery;,Blvd. Partizanski Odredi 15a Skopje 1000,,8AM–12AM,8AM–12AM,8AM–12AM,8AM–12AM,8AM–1AM,8AM–1AM,8AM–12AM,https://lh5.googleusercontent.com/p/AF1QipNR1-8YdWyXEp60oo2U2NYkzbkuigHWftohhuMh=w426-h240-k-no,41.9980625,21.4245625
Chica cafè,3.5,19,Cafe,;,Belasitsa 2 Skopje 1000 Skopie 1000,+389 70 575 029,9AM–12AM,9AM–12AM,9AM–12AM,9AM–12AM,9AM–1AM,9AM–1AM,9AM–12AM,https://lh5.googleusercontent.com/p/AF1QipMeYsbIyw4Vsafc-hSJVRjFO1-ZO7Hw1jDkgqnI=w408-h544-k-no,41.9976875,21.4515625
Caffeine,4.6,170,Cafe,Delivery;,Blvd. Partizanski Odredi Skopje 1000,+389 75 300 051,8AM–12AM,8AM–12AM,8AM–12AM,8AM–12AM,8AM–1AM,8AM–12AM,8AM–1AM,https://lh5.googleusercontent.com/p/AF1QipPOminM_rp6qpjqyd60ELNL6gnzIV_ACOsQn4bA=w408-h544-k-no,42.0033125,21.3981875
Chevignon Cafe - City Trade Center,4.5,22,Cafe,;,11th October St. 12 Skopje 1000,+389 2 321 4411,9AM–9PM.,9AM–9PM.,9AM–9PM.,9AM–9PM.,9AM–9PM.,10AM–7PM.,10AM–7PM.,https://lh5.googleusercontent.com/p/AF1QipP4XfHg-IVvq_JpJAYcHqMoaaZceeEAHOu_IDGz=w408-h725-k-no,41.9945625,21.4333125
StoryCafe,4.9,12,Cafe,Delivery;,Orce Nikolov 1000 Skopje 1000,,8:30AM–11PM.,8:30AM–11PM.,8:30AM–11PM.,8:30AM–11PM.,8:30AM–11PM.,8:30AM–11PM.,8:30AM–11PM.,https://streetviewpixels-pa.googleapis.com/v1/thumbnail?panoid=LBZ7oQs7yhhOaR4vK--KBA&cb_client=search.gws-prod.gps&w=408&h=240&yaw=227.32419&pitch=0&thumbfov=100,42.0013125,21.4229375
Point Café,4.4,400,Cafe,Delivery;,Hristo Tatarchev 47Ц Skopje 1000,+389 78 445 405,8AM–12AM,8AM–12AM,8AM–12AM,8AM–12AM,8AM–1AM,8AM–1AM,8AM–12AM,https://lh5.googleusercontent.com/p/AF1QipOn3KEiBVBe7rTBEt0vGA0NKaUyzprYL_FEOW7c=w408-h544-k-no,41.9768125,21.4444375
Nargile Lounge Cafe,4,75,Cafe,Dine-in;Takeout;Delivery;,Jorgandziska Skopje 1000,+389 71 393 999,8AM–12AM,8AM–12AM,8AM–12AM,8AM–12AM,8AM–1AM,8AM–1AM,8AM–12AM,https://lh5.googleusercontent.com/p/AF1QipOflwSVbN2qHu6L6Da2bBIZZd6gyGCbmO6f9qF8=w408-h270-k-no,42.0000625,21.4356875
Mon Frère,4.6,78,Cafe,Dine-in;Takeout;,MK Mutavdziska Skopje 1000,+389 71 648 055,9AM–10PM.,9AM–10PM.,9AM–10PM.,9AM–10PM.,9AM–10PM.,9AM–10PM.,12–10PM.,https://lh5.googleusercontent.com/p/AF1QipMHuynoGNptEc_zcF6SgYnlourMYtvUtZqmmke9=w408-h544-k-no,42.0015625,21.4366875
Бифе Тафталиџе,4.7,88,Cafe,Delivery;,Blvd. Partizanski Odredi 70 Skopje 1000,+389 78 201 302,8AM–12AM,8AM–12AM,8AM–12AM,8AM–12AM,8AM–1AM,8AM–12:30AM,9AM–12AM,https://lh5.googleusercontent.com/p/AF1QipPmOCPehTrPg6htIYkGQxi1lxGDn7q24oOV8TDq=w408-h408-k-no,42.0038125,21.3950625
Metanoja Literary Cafe,4.9,108,Cafe,Delivery;,Maksim Gorki 19 Skopje 1000,+389 2 321 1760,10AM–8PM.,10AM–8PM.,10AM–8PM.,10AM–8PM.,10AM–8PM.,10AM–8PM.,Closed,https://lh5.googleusercontent.com/p/AF1QipOepi1H9_uk3c0Z-hYyK1Xez6ZjpT20mPssgsgf=w408-h272-k-no,41.9960625,21.4283125
Port Caffee Bar,4.3,36,Cafe,;,Aerodrom Skopje 1000,+389 78 388 268,8AM–12AM,8AM–12AM,8AM–12AM,8AM–12AM,8AM–1AM,8AM–1AM,8AM–12AM,https://lh5.googleusercontent.com/p/AF1QipP8lnWBi8qrDL7eIIkFOZeATxtoj80rx2Ivzh3O=w408-h784-k-no,41.9746875,21.4719375
Aristocrat,4.3,401,Cafe,Curbside pickup;Delivery;,Jani Lukrovski Skopje 1000,+389 2 311 7483,8AM–12AM,8AM–12AM,8AM–12AM,8AM–12AM,8AM–12AM,8AM–12AM,8AM–12AM,https://lh5.googleusercontent.com/p/AF1QipNUbff0zQEnbuGAw0vycTtnVnYXpGpYB75mcW71=w408-h502-k-no,42.0025625,21.4641875
Caffe Giovani Lounge,4.2,890,Cafe,Dine-in;Takeout;,Blvd. Partizanski Odredi 64 Skopje 1000,+389 2 306 3228,9AM–12AM,9AM–12AM,9AM–12AM,9AM–12AM,9AM–1AM,9AM–1AM,9AM–12AM,https://lh5.googleusercontent.com/p/AF1QipOIVaMahs6G_2ly_W_HW65nRxkLy_tCVktmYGqn=w408-h725-k-no,42.0033125,21.3991875
Ghetto Coffee,4.4,76,Cafe,Delivery;,Tale Hristov 1/3-3 Skopje 1000,+389 70 323 613,Open 24 hours,Open 24 hours,Open 24 hours,Open 24 hours,Open 24 hours,Open 24 hours,Open 24 hours,https://lh5.googleusercontent.com/p/AF1QipNb9ckZdDvPBwBMCtVwj_O3zLiuUzPA1ppas6Sy=w408-h544-k-no,42.0224375,21.4409375
Caffe Academy,4.4,8,Cafe,Delivery;,Mother Teresa 17 Skopje 1000,,9AM–12AM,9AM–12AM,9AM–12AM,9AM–12AM,9AM–12AM,9AM–12AM,9AM–12AM,https://lh5.googleusercontent.com/p/AF1QipNuxX3KMTZ7-Ci5mIVTXWJt2qw_m8uLr3vAQq7J=w408-h544-k-no,41.9913125,21.4223125
Krug Café,4.4,666,Cafe,Curbside pickup;Dine-in;Delivery;,Naum Naumovski Borche 79 Skopje 1000,+389 2 311 9447,8AM–12AM,8AM–12AM,8AM–12AM,8AM–12AM,8AM–12AM,8AM–12AM,8AM–12AM,https://lh5.googleusercontent.com/p/AF1QipPrbQmYfg7xOj312C8HvmYcBoEqlc6qhJCd_jaz=w408-h544-k-no,41.9999375,21.4229375
Davido,4.5,266,Cafe,Delivery;,Boulevard Jane Sandanski Skopje 1000,,8:30AM–12AM,8:30AM–12AM,8:30AM–12AM,8:30AM–12AM,8:30AM–1AM,8:30AM–1AM,8:30AM–12AM,https://lh5.googleusercontent.com/p/AF1QipM69gHfLv-0-inBqDvHy7nWnS1pppoBw4Z6EshH=w408-h725-k-no,41.9853125,21.4653125
Cafe „Li“,4.6,1328,Cafe,Curbside pickup;Dine-in;Delivery;,MK MK Ankarska 23 lok.7 Skopje 1000,,9AM–12AM,9AM–12AM,9AM–12AM,9AM–12AM,9AM–1AM,9AM–1AM,9AM–12AM,https://lh5.googleusercontent.com/p/AF1QipPyOFRGIXZxoekCjZ0luFP07O6sd2AsLi5riXm7=w408-h301-k-no,41.9973125,21.4091875
Ottoman Caffe,4.8,82,Cafe,Dine-in;Delivery;,MK Kujundjiska Skopje 1000,+389 70 849 067,8AM–12AM,8AM–12AM,8AM–12AM,8AM–12AM,8AM–12AM,8AM–12AM,Closed,https://lh5.googleusercontent.com/p/AF1QipMEqxqUFKHtjH_1LNsY-hwKfbWgL3UEq8Xzqrx2=w408-h544-k-no,42.0016875,21.4370625
Casa,4.4,368,Bar,Curbside pickup;Delivery;,309 6 Skopje 1000,,8AM–12AM,8AM–12AM,8AM–12AM,8AM–12AM,8AM–1AM,9AM–1AM,9AM–12AM,https://lh5.googleusercontent.com/p/AF1QipN5cNsrVue8bW1PolB7DthpVL9w7ZlHkFHpYpYC=w425-h240-k-no,42.0009375,21.4220625
Helium Caffe,4.6,338,Cafe,Curbside pickup;Dine-in;Delivery;,MK Boulevard Vidoe Smilevski Bato 55 Skopje 1000,+389 2 240 0899,9AM–12AM,9AM–12AM,9AM–12AM,9AM–12AM,9AM–12AM,9AM–12AM,10AM–12AM,https://lh5.googleusercontent.com/p/AF1QipO7i4F9dyt1isrr9ZTrRT3D5Ma_FFgDlSlU2fKo=w408-h544-k-no,41.9813125,21.4754375
Кактус БАР,4.1,177,Cafe,Dine-in;Curbside pickup;Delivery;,Skopje 1000,+389 2 240 0899,8AM–12AM,8AM–12AM,8AM–12AM,8AM–12AM,8AM–1AM,8AM–1AM,9AM–12AM,https://lh5.googleusercontent.com/p/AF1QipMuAm8R_PZh3hT-1Sx1nRBQKSyOcBGNlXTPo0BI=w408-h544-k-no,41.9849375,21.4653125
Istanbul Simit Caffe,4,238,Cafe,Dine-in;Takeout;,и Sv. Kiril i Metodij 52 Skopje,,9AM–10PM.,9AM–10PM.,9AM–10PM.,9AM–10PM.,9AM–10PM.,9AM–10PM.,9AM–10PM.,https://lh5.googleusercontent.com/p/AF1QipOXfEqG0y-bF34PcE5-7US38Ve-viUmTZcb1Via=w408-h306-k-no,41.9921875,21.4270625
Caffe Mambo,4.4,414,Cafe,Delivery;,Asnom Blvd 18/3-3 Skopje 1000,,9AM–9PM.,9AM–9PM.,9AM–9PM.,9AM–9PM.,9AM–9PM.,9AM–12AM,9AM–12AM,https://lh5.googleusercontent.com/p/AF1QipP7T5C71HYnFD-jx99s5Flmcns63FXt9mmCoJLG=w425-h240-k-no,41.9894375,21.4759375
Image Cafe,4.3,120,Cafe,Takeout;Delivery;,Boulevard Jane Sandanski 26 Skopje 1000,+389 2 245 0453,8AM–12AM,8AM–12AM,8AM–12AM,8AM–12AM,8AM–1AM,8AM–1AM,8AM–12AM,https://lh5.googleusercontent.com/p/AF1QipM3UoU5ekm5i6nKQ-J4gclARfP_hVaWiotHDrIS=w408-h408-k-no,41.9868125,21.4633125
Vespa Bar - Star Café,4.4,213,Cafe,Curbside pickup;Dine-in;Delivery;,Mitropolit Teodosij Gologanov 44 Skopje 1000,+389 70 233 238,8AM–12AM,8AM–12AM,8AM–12AM,8AM–12AM,8AM–1AM,8AM–1AM,9AM–12AM,https://lh5.googleusercontent.com/p/AF1QipMbQrfy7aFbP-BSgrxPA6q6NspDrKTpKwYsdxT8=w408-h725-k-no,41.9948125,21.4188125
My story cafe,4.5,75,Cafe,Takeout;Delivery;,MK 3rd Macedonian Brigade Blvd 41 Skopje 1000,+389 2 270 0091,8AM–11:58PM.,8AM–11:58PM.,8AM–11:58PM.,8AM–11:58PM.,8AM–11:58PM.,8AM–11:58PM.,9AM–11:58PM.,https://lh5.googleusercontent.com/p/AF1QipMuQLuaU4U_PPmW0_cSb8tG9cUlphv6l6ORHJiT=w426-h240-k-no,41.9810625,21.4569375
Border Cafe,4.4,110,Cafe,Curbside pickup;No-contact delivery;Dine-in;,Porta Vlae Ul MK Blvd Partizanski Odredi 149 Skopje 1000,+389 78 426 980,8AM–1AM,8AM–1AM,8AM–1AM,8AM–1AM,8AM–1AM,8AM–1AM,8AM–1AM,https://lh5.googleusercontent.com/p/AF1QipPZljs2mRrtzRoxtwj1ezCPho7PmokBSoZQ9UMt=w408-h305-k-no,42.0073125,21.3723125
The Shake Shop,4.6,40,Cafe,Takeout;,Varsavska 4 Skopje 1000,+389 70 377 313,7:30AM–6PM.,7:30AM–6PM.,7:30AM–6PM.,7:30AM–6PM.,7:30AM–6PM.,Closed,Closed,https://lh5.googleusercontent.com/p/AF1QipO9-HYzGNWQrLsF0mv-WfQ6K-Reu8tq7rOP1Xvf=w408-h544-k-no,42.0001875,21.4030625
Mezzo Street Café,4.4,69,Cafe,;,Skopje 1000,,7AM–12AM,7AM–12AM,7AM–12AM,7AM–12AM,7AM–1AM,8AM–1AM,7AM–12AM,https://lh5.googleusercontent.com/p/AF1QipMTUCPIUK4S2s49KyXteUQV3jQPyvgaDznfsPq3=w408-h408-k-no,41.9946875,21.4173125
Forza Wine Bar & Restaurant,4.2,1671,Restaurant,Dine-in;Takeout;Delivery;,Лондонска 12a Skopje 1000,+389 2 307 1200,8AM–12AM,8AM–12AM,8AM–12AM,8AM–1AM,8AM–1AM,8AM–1AM,8AM–12AM,https://lh5.googleusercontent.com/p/AF1QipPoB7uWFLRWyFRmQBk-ero7rCPi96UvXpy5UJlX=w408-h272-k-no,41.9996875,21.3906875
Krem Caffe,4.5,100,Cafe,Takeout;,Nikola Rusinski Skopje 1000,+389 78 866 520,8AM–12AM,8AM–12AM,8AM–12AM,8AM–12AM,8AM–1AM,8AM–1AM,8AM–12AM,https://lh5.googleusercontent.com/p/AF1QipNZ-lXtkjVO4RCPAMiG_LRmtRRdu08ZOLrJo8y-=w408-h272-k-no,42.0045625,21.3938125
Kotur,4.8,437,Cafe,;,Nikola Vapcarov nb.7 Skopje 1000,+389 78 357 896,8AM–12AM,8AM–12AM,8AM–12AM,8AM–12AM,8AM–1AM,9AM–1AM,9AM–12AM,https://lh5.googleusercontent.com/p/AF1QipMVJkf4gs85yntcTfFwlkrkr7Sw92FwFUfBQq5w=w426-h240-k-no,41.9945625,21.4294375
Coffee Shop,5,1,Cafe,;,Boulevard Macedonia Skopje 1000,,9AM–10PM.,9AM–10PM.,9AM–10PM.,9AM–10PM.,9AM–10PM.,9AM–10PM.,9AM–10PM.,https://lh5.googleusercontent.com/p/AF1QipPzDjq7DueL0LeO6Z0RyZC4l2JZseHOpbtWpzmT=w408-h725-k-no,42.0013125,21.4229375
Amigos Gold,3.9,19,Cafe,;,Butel Skopje 1000,+389 70 922 561,8AM–12AM,8AM–12AM,8AM–12AM,8AM–12AM,8AM–12AM,8AM–12AM,8AM–12AM,https://lh5.googleusercontent.com/p/AF1QipM43Dnyg1MOAGHpjKj79vJOL0-ba3mRpSRHyjpi=w408-h462-k-no,42.0236875,21.4331875
Agate Cafe,4,97,Cafe,Curbside pickup;Delivery;,Sava Kovachevikj 47И Skopje 1000,+389 78 257 088,8AM–12AM,8AM–12AM,8AM–12AM,8AM–12AM,8AM–1AM,8AM–1AM,10AM–12AM,https://lh5.googleusercontent.com/p/AF1QipN11FINeFHEGCFPzD-xJ6Xjzw93a1fHFx9iJaSt=w408-h306-k-no,41.9760625,21.4453125
Coffe Barcelona Saraj,5,8,Cafe,;,Ul 20 Skopje MK 1000,+389 72 673 790,6AM–12AM,6AM–12AM,6AM–12AM,6AM–12AM,6AM–12AM,6AM–12AM,6AM–12AM,https://lh5.googleusercontent.com/p/AF1QipMTOvkrB3rH7a1i6SpTtcBDwXtVzE8VoVr4WLr6=w426-h240-k-no,41.99875,21.32625
Mikel Coffee,4.4,308,Cafe,Dine-in;Takeout;,Centar Skopje 1000,,8AM–12AM,8AM–12AM,8AM–12AM,8AM–12AM,8AM–12AM,8AM–12AM,8AM–12AM,https://lh5.googleusercontent.com/p/AF1QipP43x2MkyxcvarbShYFER9BLhcs_vxw2yhTmNnq=w408-h725-k-no,41.9988125,21.4253125
Urban Cocktails & Shisha,4.7,6,Cafe,Dine-in;,ул Булевар Јане Сандански Бр.82/локал -36 и 7 MK Skopje 1000,+389 72 302 649,8AM–11:30PM.,8AM–11:30PM.,8AM–11:30PM.,8AM–11:30PM.,8AM–11:30PM.,8AM–11:30PM.,8AM–11:30PM.,,41.9850625,21.4661875
Why Caffe,4.3,4,Cafe,;,Mitropolit Teodosij Gologanov 134/1 Skopje 1000,+389 71 351 332,8AM–12PM.,8AM–12PM.,8AM–12PM.,8AM–12PM.,8AM–12PM.,8AM–1AM,8AM–12PM.,https://lh5.googleusercontent.com/p/AF1QipOV7jaqOGXJQeoTy9-FkgZQVn8ynLdwCr7exIVv=w408-h510-k-no,41.9983125,21.3928125
My Space Cafe,4.1,137,Cafe,Takeout;Delivery;,Vasil Gjorgov Skopje 1000,+389 2 609 0264,8AM–12AM,8AM–12AM,8AM–12AM,8AM–12AM,8AM–12AM,8AM–12AM,Closed,https://lh5.googleusercontent.com/p/AF1QipMAvFM4jp59I6_ppjsPVWgrmaMMGIfaYkFtWGom=w427-h240-k-no,41.9926875,21.4210625
Snooze cafe,4.4,8,Cafe,;,MK 23 Oktomvri 18a Skopje 1000,,8:30AM–12AM,8:30AM–12AM,8:30AM–12AM,8:30AM–12AM,8:30AM–12AM,8:30AM–12AM,8:30AM–12AM,https://lh5.googleusercontent.com/p/AF1QipNe9rjgSLmCxEwYlaIRwCWCsd3jkJt42Q36pq6G=w408-h306-k-no,41.9885625,21.4526875
Zaho Caffee & Lounge Bar,4,30,Cafe,Dine-in;Curbside pickup;No-contact delivery;,Boulevard Slovenia 1000 Skopje 1000,+389 71 305 107,8AM–12AM,8AM–12AM,8AM–12AM,8AM–12AM,8AM–1AM,8AM–1AM,8AM–12AM,https://lh5.googleusercontent.com/p/AF1QipOS_gVupwuvKNek6AvmhKErJOftIkSXby8-elT9=w408-h724-k-no,42.0243125,21.4296875
Wake up Skopje,4.3,12,Cafe,;,Dame Gruev br.1-aneks MK Skopje 1000,+389 78 640 064,8:30AM–12AM,8:30AM–12AM,8:30AM–12AM,8:30AM–12AM,8:30AM–12AM,8:30AM–12AM,8:30AM–12AM,https://lh5.googleusercontent.com/p/AF1QipORNXGzo5ds6IqHeTjevWeH2pRSzfBDe2GT8fli=w426-h240-k-no,41.9918125,21.4321875
Velo,5,10,Cafe,;,1000 Skopje,,10AM–10PM.,10AM–10PM.,10AM–10PM.,10AM–10PM.,10AM–10PM.,10AM–10PM.,10AM–10PM.,https://lh5.googleusercontent.com/p/AF1QipM-x3v6OzGIDgtsDeKVHS5Xi2oiKNkv7_1ooxLl=w408-h544-k-no,42.0041875,21.4233125
Classic,4.3,127,Cafe,Delivery;,Skopje 1000,,8AM–12AM,8AM–12AM,8AM–12AM,8AM–12AM,8AM–12AM,8AM–12AM,8AM–12AM,https://lh5.googleusercontent.com/p/AF1QipPbIgrSu-nDnmAlkrhq1V2KWD1hFQXoIpH_QmAe=w408-h544-k-no,41.9990625,21.4396875
Office Cafe,4.4,134,Cafe,Delivery;,MK Fevruarski Pohod 24 Skopje 1000,+389 78 272 628,8AM–12AM,8AM–12AM,8AM–12AM,8AM–12AM,8AM–1AM,8AM–1AM,8AM–12AM,https://lh5.googleusercontent.com/p/AF1QipMYzj0jBWGwQxgfs3rl-lBumq6EXA-qDZLDH4lj=w533-h240-k-no,41.9825625,21.4826875
Quatro Caffe,4.3,459,Cafe,Takeout;Delivery;,1 MK Hristo Tatarchev 47 Skopje 1000,+389 78 841 484,Open 24 hours,Open 24 hours,Open 24 hours,Open 24 hours,Open 24 hours,Open 24 hours,Open 24 hours,https://lh5.googleusercontent.com/p/AF1QipP33Em4D-SomW2vfa-y4kEL_BsxxD5a6XAEXOyS=w408-h306-k-no,41.9734375,21.4461875
Dabov Specialty Coffee Macedonia,4.9,73,Cafe,Dine-in;Curbside pickup;Delivery;,Њуделхиска бр.6 локал 9 Skopje MK 1000,+389 78 223 441,8AM–5PM.,8AM–5PM.,8AM–5PM.,8AM–5PM.,8AM–5PM.,9AM–3PM.,Closed,https://lh5.googleusercontent.com/p/AF1QipOf09nYP_-bzqDciPChoE0d9tBSsFIgnBjN14Lh=w408-h306-k-no,41.9976875,21.4056875
LUX Cafe,3.6,23,Cafe,Takeout;Dine-in;Delivery;,MK Macedonia бр. 17 Skopje 1000,+389 78 339 149,8AM–12AM,8AM–12AM,8AM–12AM,8AM–12AM,8AM–12AM,8AM–12AM,8AM–12AM,https://lh5.googleusercontent.com/p/AF1QipONCPX3sdvwx4IzEockzczKFrhEye9kPmh2tYg1=w408-h306-k-no,41.9939375,21.4304375
LARES Waffle Caffe,3,2,Cafe,Takeout;,Bitpazarska 3/1-12 Skopje Skopie 1000 Bitpazarska Skopje Skopje 1000,+389 71 602 512,9AM–12AM,9AM–12AM,9AM–12AM,9AM–12AM,9AM–12AM,9AM–12AM,9AM–12AM,https://lh5.googleusercontent.com/p/AF1QipP-bpbQ_A05oZ0xOiXqcAENNB6ScjubhmQTVknb=w408-h839-k-no,42.0006875,21.4375625
Duplo Specialty Coffee Shop,5,22,Cafe,Dine-in;Takeout;,MK MK Pandil Shishkov бр.4/2 лок.11 Skopje 1000,+389 71 326 443,9AM–5PM.,9AM–5PM.,9AM–5PM.,9AM–5PM.,9AM–5PM.,9AM–4PM.,Closed,https://lh5.googleusercontent.com/p/AF1QipOKW2ZA7vAi21c_Ns9WBygvbx-y9ptLXRGp1o4=w408-h306-k-no,41.9845625,21.4521875
Salud,4.6,10,Cafe,Dine-in;Curbside pickup;Delivery;,Debarca 23 Skopje 1000,+389 70 406 476,8AM–6PM.,8AM–6PM.,8AM–6PM.,8AM–6PM.,8AM–6PM.,Closed,Closed,https://lh5.googleusercontent.com/p/AF1QipOd_NoLL7equejvyjpznREZyM0EXRmMUpVHGA85=w408-h544-k-no,41.9978125,21.4221875
CAFFE TERASSA,5,4,Cafe,;,Skopje 1000,,8AM–12AM,8AM–12AM,8AM–12AM,8AM–12AM,8AM–12AM,8AM–12AM,8AM–12AM,https://lh5.googleusercontent.com/p/AF1QipPplHueJaqRfWWF19g23LSuX866_3d-PyzmP25Z=w408-h408-k-no,41.9990625,21.4393125
Venezia Urban Bar,4.1,211,Cafe,Delivery;,Blvd. Partizanski Odredi 37 Skopje 1000,+389 71 302 120,7AM–12AM,7AM–12AM,7AM–12AM,7AM–12AM,7AM–12AM,7AM–1AM,7AM–1AM,https://lh5.googleusercontent.com/p/AF1QipNJdzUyGhs-ukvkBN-IwCPl5_zVYJU2HYYvFuRj=w408-h306-k-no,41.9991875,21.4196875
HOSH,5,8,Cafe,;,MK Bitpazarska 18 Skopje 1000,,8AM–12AM,8AM–12AM,8AM–12AM,8AM–12AM,8AM–12AM,8AM–12AM,8AM–12AM,https://lh5.googleusercontent.com/p/AF1QipPyFM4O2y1jS6Vmlh6YyBtVy-WniiDBkS6_o3Qd=w408-h306-k-no,42.0006875,21.4375625
Лејзи Кафе - Lazy Cafe,4.3,29,Cafe,;,Boulevard Jane Sandanski 74-1 Skopje 1000,,8AM–12AM,8AM–12AM,8AM–12AM,8AM–12AM,8AM–12AM,8AM–12AM,8AM–12AM,https://streetviewpixels-pa.googleapis.com/v1/thumbnail?panoid=0FY8gqsU4MlWqvP5906JQA&cb_client=search.gws-prod.gps&w=408&h=240&yaw=109.60849&pitch=0&thumbfov=100,41.9833125,21.4638125
Cafe „Koffein“,4.3,4,Cafe,Dine-in;,Macedonia St 51 Skopje 1000,+389 70 355 742,8AM–10PM.,8AM–10PM.,8AM–10PM.,8AM–10PM.,8AM–10PM.,8AM–10PM.,8AM–10PM.,https://lh5.googleusercontent.com/p/AF1QipOepo0AG7wXMJGVzeER-dvjRkcnk-ArqCpkTDkD=w408-h862-k-no,41.9954375,21.4310625
Spirit Bar,4.8,38,Cafe,Takeout;Delivery;Dine-in;,MK Boulevard Jane Sandanski 2/2-35 Skopje 1000,+389 70 331 501,8AM–12AM,8AM–12AM,8AM–12AM,8AM–12AM,8AM–1AM,8AM–1AM,9AM–12AM,https://lh5.googleusercontent.com/p/AF1QipPC4Wt0EhCtdy0i1Cx8zfutELDTsyF75InJ2_B4=w408-h544-k-no,41.9875625,21.4523125
Victory Cafe,5,1,Cafe,;,Tone Tomshikj 1000 Skopje 1000,,8AM–12AM,8AM–12AM,8AM–12AM,8AM–12AM,8AM–1AM,8AM–12AM,8AM–12AM,https://lh5.googleusercontent.com/p/AF1QipOnpKnXpOM2wkHg38G4KQTUi8mRzmjKpYx_IEtl=w408-h544-k-no,41.98125,21.43875
Chillin' Bar,4.7,248,Bar,Delivery;,MK Orce Nikolov 145 Skopje 1000,+389 2 312 3005,8AM–1AM,8AM–1AM,8AM–1AM,8AM–1AM,8AM–1AM,9AM–1AM,9AM–1AM,https://lh5.googleusercontent.com/p/AF1QipNw21GpBjTQ4HLpazgBcPkB2NYnTYO3ozbKKXvr=w426-h240-k-no,42.0033125,21.4166875
Pogon,4.7,133,Bar,Dine-in;Takeaway;,MK Jurij Gagarin 51/1 Skopje 1000,+389 70 423 023,8AM–12AM,8AM–12AM,8AM–12AM,8AM–12AM,8AM–1AM,8AM–1AM,8AM–12AM,https://lh5.googleusercontent.com/p/AF1QipPHjWQpqcQ409Wurc5bZ7YgmCiSEuyYOG0WAlEJ=w408-h272-k-no,41.9964375,21.3980625
Van Gogh Bar,4.6,569,Bar,Takeaway;Dine-in;Delivery;,MK Mihail Cokov 4 Skopje 1000,+389 2 312 1876,8AM–12AM,8AM–12AM,8AM–12AM,8AM–12AM,8AM–1AM,9AM–1AM,8AM–12AM,https://lh5.googleusercontent.com/p/AF1QipMzMYZMiFAMlnRFM786ndEwn0TGOrR910Z3xSc9=w427-h240-k-no,42.0021875,21.4216875
Kasha Bar,4.7,399,Bar,Dine-in;Kerbside pickup;Delivery;,Karposh Skopje 1000,+389 2 307 4060,9AM–12AM,9AM–12AM,9AM–12AM,9AM–12AM,9AM–1AM,9AM–1AM,9AM–6PM,https://lh5.googleusercontent.com/p/AF1QipORcIxCAEUWOjZheahFb7QE07ESRRKyFUihZrgL=w408-h544-k-no,42.00375,21.39875
Rock Bar Old School,4.6,288,Bar,Dine-in;Kerbside pickup;Delivery;,ul. 31 br 17 Skopje 1000,+389 77 539 955,10AM–12AM,10AM–12AM,10AM–12AM,10AM–12AM,10AM–1AM,10AM–1AM,4PM–12AM,https://lh5.googleusercontent.com/p/AF1QipOOwx0qgp0l-c-6mL5JZjFdyQq-n95v7USZ6lKE=w426-h240-k-no,41.9931875,21.4388125
Speakeasy Bar,4.7,243,Bar,Kerbside pickup;No-contact delivery;Dine-in;Cocktail,MK Naum Naumovski Borche Skopje 1000,+389 78 417 996,4PM–12AM,4PM–12AM,4PM–12AM,4PM–12AM,4PM–1AM,5PM–1AM,4PM–12AM,https://lh5.googleusercontent.com/p/AF1QipNlhVBsytXeRE27r6xUpbRHpIKoX8Vef12mQT4u=w408-h906-k-no,42.0023125,21.4236875
Shot Bar Bezisten,4.6,5,Bar,;,Pokriena Charshija 37b Skopje 1000,,9AM–12AM,9AM–12AM,9AM–12AM,9AM–12AM,9AM–1AM,9AM–1AM,9AM–12AM,https://lh5.googleusercontent.com/p/AF1QipPqmcLziF1s8aRymrTiXh9p_R9YOSJfi-TZDf6B=w408-h240-k-no-pi-10-ya235-ro-0-fo100,42.0014375,21.4366875
Mr. Jack,4.5,568,Bar,Delivery;,Maksim Gorki 8 Skopje 1000,+389 2 323 1999,8AM–1AM,8AM–1AM,8AM–1AM,8AM–1AM,8AM–1AM,8AM–1AM,8AM–1AM,https://lh5.googleusercontent.com/p/AF1QipPmKKeKsq026UUosXRcuZGLSauZrE_hlMKv3Ds=w408-h240-k-no-pi-20-ya180-ro0-fo100,41.9964375,21.4269375
Wine bar Kaldrma,4.7,34,Bar,Dine-in;Delivery;,Arhiepiskop Angelarij 7 Skopje 1000 MK Skopje 1000,+389 78 336 137,12PM–1AM,12PM–1AM,12PM–2AM,12PM–1AM,12PM–4AM,12PM–5AM,12PM–1AM,https://lh5.googleusercontent.com/p/AF1QipOBEh9w8NZNV5JrJme5MRXwBtt33YBP8cdkaRtz=w408-h725-k-no,42.0003125,21.4361875
Heart Bar Skopje,4.5,193,Bar,Dine-in;,MK Naum Naumovski Borche 50-1/1 Skopje 1000,+389 70 250 964,8AM–1AM,8AM–1AM,8AM–1AM,8AM–1AM,8AM–1AM,8AM–1AM,8AM–1AM,https://lh5.googleusercontent.com/p/AF1QipP-MXQZfC7Ed29VUri57ywpLGH_D65H0hg-zaho=w408-h408-k-no,41.9988125,21.4241875
All day bar - Skopje,4.5,62,Bar,;,Rruga e Bit Pazarit 15 Skopie 1000,+389 78 228 756,8AM–12AM,8AM–12AM,8AM–12AM,8AM–12AM,8AM–1AM,8:30AM–1AM,9AM–12AM,https://lh5.googleusercontent.com/p/AF1QipM3jCxm-EMhse3tRUbMyuTCgwNEpKP4lrjg1oiM=w408-h544-k-no,41.9998125,21.4368125
Центар Бар,4.3,882,Bar,Dine-in;Takeaway;,Dimitrie Cupovski 13 Skopje 1000,+389 2 609 1100,9AM–1AM,9AM–1AM,9AM–1AM,9AM–1AM,9AM–1AM,9AM–1AM,Closed,https://lh5.googleusercontent.com/p/AF1QipPRNk9etAPtc0e19sbaLchjHWoFqfZ6ASSC_L6C=w408-h272-k-no,41.9948125,21.4288125
Konak,4.7,318,Bar,Kerbside pickup;Delivery;,Borka Talevski 53 Skopje 1000,+389 2 609 0879,9AM–12AM,9AM–12AM,9AM–12AM,9AM–12AM,9AM–12AM,12PM–12AM,5PM–12AM,https://lh5.googleusercontent.com/p/AF1QipM515W6vdqBw4kxSjZfaky8cPw6VRp04wOpss_Z=w426-h240-k-no,41.9970625,21.4150625
Sindikat Cafe Bar,4.6,606,Bar,Takeaway;Dine-in;Delivery;,Орце Николов 97 Скопје 1000,,8AM–12AM,8AM–12AM,8AM–12AM,8AM–12AM,8AM–1AM,9AM–1AM,9AM–12AM,https://lh5.googleusercontent.com/p/AF1QipOsYlHLuoVPcVD9Fn_Yh5b7rIQ1wNI0OFsLCMkl=w427-h240-k-no,42.0014375,21.4224375
Amok Bar,4.3,49,Bar,Takeaway;,Bul. Partizanski Odredi 1 - 10/4 Skopje MK 1000,,Closed,10AM–12AM,10AM–12AM,10AM–12AM,10AM–1AM,10AM–1AM,5–10PM,https://lh5.googleusercontent.com/p/AF1QipNl8dVQigtnPhpqFcg9uUjf5tLth05KuxSCDJGP=w408-h544-k-no,41.9971875,21.4273125
N Bar Bar,5,17,Bar,;,Petar Pop Arsov 14a Skopje 1000 Petar Pop Arsov 14a Skopje 1000,+389 70 241 468,9AM–12AM,9AM–12AM,9AM–12AM,9AM–12AM,9AM–12AM,9AM–12AM,9AM–12AM,https://lh5.googleusercontent.com/p/AF1QipP-X1bUVnFS9pJkqJcGwixny1nN6hgpbLeBdFfH=w408-h544-k-no,41.9989375,21.4160625
Drinkers Paradise Bar - Cocktail Bar,4.4,71,Bar,Kerbside pickup;Delivery;Cocktail,Булевар Партизански Одреди 17 (спроти Соборна MK Blvd. Partizanski Odredi 17 Skopje 1000,,8AM–12AM,8AM–12AM,8AM–12AM,8AM–12AM,8AM–1AM,8AM–1AM,Closed,https://lh5.googleusercontent.com/p/AF1QipO-xM-QfZOw82XswdB0WxjtY6glJp7f3rVvJ3kq=w408-h306-k-no,41.9976875,21.4256875
Badu Bar,4.7,1000,Bar,Takeaway;Dine-in;Delivery;,Булевар Партизански Одреди локал13 149 Skopje 1000,,8AM–11:45PM,8AM–11:45PM,8AM–11:45PM,8AM–11:45PM,8AM–12:45AM,8AM–12:45AM,8AM–11:45PM,https://lh5.googleusercontent.com/p/AF1QipNaylVmSWfya8bghdTARkpSWgtogq7Yt4Z344K-=w493-h240-k-no,42.0071875,21.3721875
Kozara Bar,5,11,Bar,;,Kozara 32 Skopje 1000 1000,+389 75 449 416,5PM–12AM,5PM–12AM,5PM–12AM,5PM–12AM,5PM–12AM,12PM–12AM,12PM–12AM,https://lh5.googleusercontent.com/p/AF1QipMF-aIv_pNe3nMNwLifVqdCCJzaA6klxDSwdIQQ=w408-h544-k-no,41.9913125,21.4189375
Roosevelt,4.5,484,Bar,Kerbside pickup;Dine-in;Delivery;,Franklin Ruzvelt 51 Skopje 1000,,8AM–12AM,8AM–12AM,8AM–12AM,8AM–12AM,8AM–1AM,8AM–1AM,8AM–12AM,https://lh5.googleusercontent.com/p/AF1QipPknKmz6o8Jo689NoW51QROXNUK0oysPHVWMeTp=w408-h306-k-no,42.0019375,21.4134375
Mosh,4.1,434,Bar,Dine-in;Delivery;,MK Debarca 2 Skopje 1000,,8AM–1AM,8AM–1AM,8AM–1AM,8AM–1AM,8AM–1AM,8AM–1AM,Closed,https://lh5.googleusercontent.com/p/AF1QipOrisGRAbRJsGPb4khtGAvlSh-prBTaP_Z-09Sw=w408-h306-k-no,41.9961875,21.4244375
MAKKA Bar,4.8,55,Bar,;,Boulevard Saint Clement of Ohrid 60 Skopje 1000,+389 70 426 789,8AM–12AM,8AM–12AM,8AM–12AM,8AM–12AM,8AM–1AM,9AM–1AM,9AM–12AM,https://lh5.googleusercontent.com/p/AF1QipPEVUOTIlZwsfp3a48nNx16-YWkwUBJwrLgIJOm=w408-h306-k-no,41.9956875,21.4246875
Papillon,4.4,164,Bar,Delivery;,Antonie Grubishich 2 Skopje 1000,+389 70 206 222,9AM–12AM,9AM–12AM,9AM–12AM,9AM–12AM,9AM–1AM,9AM–1AM,9AM–12AM,https://lh5.googleusercontent.com/p/AF1QipMjaQKhPEyZl-ynqtH5og0TgFn7oFnkBFOcOHEn=w408-h306-k-no,42.0005625,21.4210625
RADIOBAR,4.5,613,Bar,Kerbside pickup;Delivery;,Pirinska 52 Skopje 1000,,8AM–12AM,8AM–12AM,8AM–12AM,8AM–12AM,8AM–1AM,9AM–1AM,10AM–12AM,https://lh5.googleusercontent.com/p/AF1QipNnU721lzBi6ePt4VN_3sVbCJHAnloV4GZnaGaf=w438-h240-k-no,42.0003125,21.4234375
BKW Hybrid Bar,4.4,706,Bar,Dine-in;,MK New Delhi Rd 13 Skopje 1000,+389 71 216 348,8AM–12AM,8AM–12AM,8AM–12AM,8AM–12AM,8AM–12AM,8AM–1AM,8AM–2AM,https://lh5.googleusercontent.com/p/AF1QipNnmHLYkcH-Yv-DrKoNom6YyUuUYwoVqhpkSXYs=w408-h272-k-no,41.9970625,21.4060625
Legend Pub - Skopje,4.8,43,Bar,Delivery;,Borka Talevski 55 Skopje 1000,+389 75 454 554,10AM–12AM,10AM–12AM,10AM–12AM,10AM–12AM,10AM–1AM,10AM–1AM,7PM–12AM,https://lh5.googleusercontent.com/p/AF1QipNxhJo0fchN-EqJnZ4equorMhqV_GXF_OA8155M=w426-h240-k-no,41.9970625,21.4146875
Caffe Bar 8,4.5,23,Restaurant,Delivery;,Bitpazarska 58 Skopje 1000,+389 70 383 188,9AM–12AM,9AM–12AM,9AM–12AM,9AM–12AM,9AM–12AM,9AM–12AM,5PM–12AM,https://lh5.googleusercontent.com/p/AF1QipMCanOvarEB9xFdYzsbp5yLeU7rezeBL0KMMPN1=w408-h306-k-no,41.9998125,21.4374375
Plat Bar,4.6,54,Bar,Delivery;,Анкарска 23 2 MK 1000,,8AM–12AM,8AM–12AM,8AM–12AM,8AM–12AM,8AM–1AM,8AM–1AM,8AM–12AM,https://lh5.googleusercontent.com/p/AF1QipOobdLLLoigSsHvWBYLxkcZ-iLd18D_N-1eL8t3=w408-h306-k-no,41.9973125,21.4089375
BKC Bar,4.9,10,Bar,Dine-in;,MK Blvd. Partizanski Odredi 29 Skopje 1000,,12PM–12AM,12PM–12AM,12PM–12AM,12PM–12AM,12PM–1AM,12PM–1AM,6PM–12AM,https://lh5.googleusercontent.com/p/AF1QipOzrGnEC0-8BBfOf7xSkodUwo2DaXpDhK_0tYqh=w408-h544-k-no,41.9989375,21.4204375
El Cabron Wine Bar,4.8,14,Bar,Dine-in;Kerbside pickup;No-contact delivery;Wine,Franklin Ruzvelt 63A Skopje 1000,+389 71 234 553,8AM–12AM,8AM–12AM,8AM–12AM,8AM–12AM,8AM–1AM,8AM–1AM,8AM–12AM,https://lh5.googleusercontent.com/p/AF1QipNwPwgzdMTL0yH8-aXykP5bxgmdkKvFuq8zi_0P=w408-h544-k-no,42.0036875,21.4148125
Lounge bar „Sterna“,4.6,28,Bar,Dine-in;,New Delhi Rd 7 Skopje 1000 MK 1000,,8AM–9PM,8AM–9PM,8AM–9PM,8AM–9PM,8AM–9PM,8AM–9PM,Closed,https://lh5.googleusercontent.com/p/AF1QipP2Mgt8mioO1-qkiHOM4v4vSprNG_GUOaa7MUf7=w408-h544-k-no,41.9980625,21.4064375
Rakija Bar Stara Kaldrma,3.6,308,Bar,;,Arhiepiskop Angelarij Skopje 1000,+389 79 218 900,8AM–12AM,8AM–12AM,8AM–12AM,8AM–12AM,8AM–1AM,9AM–1AM,9AM–12AM,https://lh5.googleusercontent.com/p/AF1QipNGrtef5KeHg3KmDYJY5c8Ai2B4BdNMc4XWPh1o=w408-h544-k-no,42.0005625,21.4368125
SOMA Lounge Bar,4,21,Bar,Dine-in;,Mitropolit Teodosij Gologanov 96 Skopje 1000,+389 70 222 125,8AM–12AM,8AM–12AM,8AM–12AM,8AM–12AM,8AM–1AM,8AM–1AM,8AM–12AM,https://lh5.googleusercontent.com/p/AF1QipND-aExkGDG-r5kUvv0I4tORysbC4UIpgsVPCYT=w408-h306-k-no,41.9979375,21.3981875
Rock bar „Woodstock“,4.7,489,Bar,Delivery;,Franklin Ruzvelt 5 Skopje 1000,+389 70 315 495,10AM–12AM,10AM–12AM,10AM–12AM,10AM–12AM,10AM–12AM,10AM–12AM,12PM–12AM,https://lh5.googleusercontent.com/p/AF1QipMO1qhYGpBNkrMbk0YN1poQUDyPuRr8xN51v15A=w426-h240-k-no,41.9955625,21.4113125
Pravda,4.1,207,Bar,;,Leninova 38 Skopje 1000,+389 76 483 355,9AM–12AM,9AM–12AM,9AM–12AM,9AM–12AM,9AM–1AM,9AM–1AM,9AM–12AM,https://lh5.googleusercontent.com/p/AF1QipO-dnNxPo51SI1smQxFJ3NcnjwF1Low6whtNBDy=w408-h306-k-no,41.9990625,21.4230625
Marvel Coffee Bar,4.5,272,Bar,Delivery;,Nikola Tesla 9 Skopje 1000,,8AM–12AM,8AM–12AM,8AM–12AM,8AM–12AM,8AM–12AM,8AM–12AM,8AM–12AM,https://lh5.googleusercontent.com/p/AF1QipNfLCzXZ97cIqiKA0-yUoxz94854wFkgEJII5_6=w408-h544-k-no,42.0053125,21.4108125
Alo Alo Coffee & Cocktail,4.5,14,Bar,;,Shidska 24 Skopje 1000,+389 71 548 106,8AM–12AM,8AM–12AM,8AM–12AM,8AM–12AM,8AM–12AM,8AM–12AM,10AM–6PM,https://streetviewpixels-pa.googleapis.com/v1/thumbnail?panoid=gpDQM_YnYQ4H2K3qqgujVA&cb_client=search.gws-prod.gps&w=408&h=240&yaw=107.19989&pitch=0&thumbfov=100,42.0094375,21.3610625
Kolektiv,4.4,762,Restaurant,Dine-in;Takeaway;,11th October Square Macedonia Skopje 1000,+389 2 314 4345,8AM–12AM,8AM–12AM,8AM–12AM,8AM–12AM,8AM–12AM,8AM–12AM,8AM–12AM,https://lh5.googleusercontent.com/p/AF1QipNMTAZ0QUs9lgo_c3KdtBlpxIXJJmAx6x38me8=w845-h240-k-no,41.9958125,21.4319375
Lounge Bar Četiri,5,2,Bar,;,Karposh Skopje 1000,+389 77 890 212,Open 24 hours,Open 24 hours,Open 24 hours,Open 24 hours,Open 24 hours,Open 24 hours,Open 24 hours,https://streetviewpixels-pa.googleapis.com/v1/thumbnail?panoid=pUB6TR5awhu5fPII6YIxgA&cb_client=search.gws-prod.gps&w=408&h=240&yaw=357.5627&pitch=0&thumbfov=100,41.9979375,21.3849375
Lokal 45,4.1,166,Bar,Delivery;,Aminta Treti 30 Skopje 1000,,8AM–12AM,8AM–12AM,8AM–12AM,8AM–12AM,8AM–12:59AM,8AM–12:59AM,8AM–12AM,https://lh5.googleusercontent.com/p/AF1QipMzkBfEPGrdXc_oSHu84szxUZTyIs8yCkKK98jN=w408-h544-k-no,41.9996875,21.4235625
Caffe Bar Iv 1992,5,2,Bar,;,Leninova 64 Skopje 1000,+389 78 290 004,7AM–1AM,7AM–1AM,7AM–1AM,7AM–1AM,7AM–1AM,9AM–1AM,4PM–1AM,https://lh5.googleusercontent.com/p/AF1QipOuxipAz2zSARHt6p2B-vIhZ3aOgx3KC2iHKQlJ=w408-h306-k-no,41.9963125,21.4221875
OWL Mixology Bar,5,39,Bar,;,Кеј 13-ти Ноември 1000 Skopje 1000,+389 75 306 306,3PM–12AM,3PM–12AM,3PM–12AM,3PM–12AM,3PM–1AM,4PM–1AM,Closed,https://lh5.googleusercontent.com/p/AF1QipOW7Mz74bUlHvpmis-fx7CgjUR4afEDTMtRn8Uu=w408-h306-k-no,41.9946875,21.4343125
Baraka Lounge Bar,4.2,30,Bar,;,Leninova 38 Skopje 1000,+389 75 238 727,8AM–12AM,8AM–12AM,8AM–12AM,8AM–12AM,9AM–1AM,9AM–1AM,8AM–12AM,https://lh5.googleusercontent.com/p/AF1QipN6DslyHM606QIqDTHPXZb_2Y6hZirVs4NZGN4F=w408-h544-k-no,41.9990625,21.4230625
Srekja Bar&Food,4.3,119,Bar,Dine-in;Kerbside pickup;No-contact delivery;,MK MK 3rd Macedonian Brigade 60 Skopje 1000,+389 71 386 622,8AM–12AM,8AM–12AM,8AM–12AM,8AM–12AM,8AM–1AM,9AM–1AM,9AM–12AM,https://lh5.googleusercontent.com/p/AF1QipPhr_zC-i5BLoEL5ylyVRKgT6RM3upX5g-Q4JuV=w408-h271-k-no,41.9811875,21.4555625
Млечен бар,4.6,114,Bar,Dine-in;Takeaway;,MK Ankarska 21 Skopje 1000,+389 70 303 603,8AM–12AM,8AM–12AM,8AM–12AM,8AM–12AM,8AM–1AM,8AM–1AM,8AM–1AM,https://lh5.googleusercontent.com/p/AF1QipM_9eb0Lmi9MxKBPbI9nhC4wi9j-YQXap-goBq5=w408-h271-k-no,41.9971875,21.4086875
Coffee „La Fe“,4.2,16,Bar,;,Blvd. Saint Clement of Ohrid Skopje 1000,+389 76 473 749,8AM–12AM,8AM–12AM,8AM–12AM,8AM–12AM,8AM–1AM,9AM–1AM,Closed,https://lh5.googleusercontent.com/p/AF1QipOCsYS3zCZE8W8cfauxCR4wO3DSvYgdwXk-zl4-=w426-h240-k-no,41.9949375,21.4245625
Pub Porta,4.6,190,Bar,Dine-in;Takeaway;No-contact delivery;,Bul. Partizanski Odredi 21/A2-1 MK Skopje 1000,+389 71 768 010,9AM–12AM,9AM–12AM,9AM–12AM,9AM–12AM,9AM–1AM,9AM–1AM,Closed,https://lh5.googleusercontent.com/p/AF1QipNhdLGZayzAB0TJ1hlTXRBgiTuHf37MfkMCwTZf=w408-h544-k-no,41.9981875,21.4239375
Tribeca Restaurant & Bar,4.5,659,Restaurant,Dine-in;Takeaway;Delivery;,Public Enterprise Parks and Greenery Boulevard Ilinden 1000 Skopje 1000,+389 70 303 413,8AM–12AM,8AM–12AM,8AM–12AM,8AM–12AM,8AM–12AM,8AM–12AM,8AM–12AM,https://lh5.googleusercontent.com/p/AF1QipPDSPDUyaAQWK7UzsCFMQHBdmQSCgNDyr74sNhh=w408-h544-k-no,42.0074375,21.4114375
Black Shisha,5,3,Bar,;,Blvd. Partizanski Odredi 34a Skopje 1000,,9AM–12AM,9AM–12AM,9AM–12AM,9AM–12AM,9AM–12AM,9AM–12AM,9AM–12AM,https://streetviewpixels-pa.googleapis.com/v1/thumbnail?panoid=ZIeYWR5-of0IarZbD5YQoQ&cb_client=search.gws-prod.gps&w=408&h=240&yaw=97.98237&pitch=0&thumbfov=100,42.0003125,21.4160625
Bistro „Komedija“,4.4,210,Bar,Delivery;,MK Blvd. Saint Clement of Ohrid 31 Skopje 1000,,8AM–12AM,8AM–12AM,8AM–12AM,8AM–12AM,8AM–1AM,9AM–1AM,9AM–12AM,https://lh5.googleusercontent.com/p/AF1QipMvyO3O10XqBdVm9ru-dELjBdG4alztWg4Bw7xk=w408-h510-k-no,41.9945625,21.4254375
Sugar Cube corner,4.5,12,Bar,;,Петричка Skopje 1000,+389 75 446 862,9AM–11PM,9AM–11PM,9AM–11PM,9AM–11PM,9AM–11PM,9AM–11PM,Closed,https://lh5.googleusercontent.com/p/AF1QipP6CkBReq4Gy7k0HK1nMvfEG8lYGkEgFjh45JQj=w408-h306-k-no,41.9921875,21.4458125
PASTEUR Coffee & Music Laboratory,4.8,36,Bar,;,Todor Aleksandrov Parking Garage Vasil Glavinov Skopje 1000,,8AM–12AM,8AM–12AM,8AM–12AM,8AM–12AM,8AM–1AM,8AM–1AM,Closed,https://lh5.googleusercontent.com/p/AF1QipNBSjCKCTNTcvDUmpfRKtbLRrexF89D95LMUW6L=w408-h544-k-no,41.9934375,21.4288125
Donut Bar,4.7,104,Bar,Takeaway;,Orce Nikolov 1000 Skopje 1000,+389 71 272 868,9:30AM–8:30PM,9:30AM–8:30PM,9:30AM–8:30PM,9:30AM–8:30PM,9:30AM–8:30PM,10AM–8:30PM,Closed,https://lh5.googleusercontent.com/p/AF1QipM0n_Wt1EUBqRJqbG2fnUz_GvGnoJh_FjI69vIA=w408-h408-k-no,42.0031875,21.4169375
Concept 37,4.5,440,Bar,Delivery;,Franklin Ruzvelt 37 Skopje 1000,+389 77 624 304,9AM–12AM,9AM–12AM,9AM–12AM,9AM–12AM,9AM–1AM,9AM–1AM,9AM–12AM,https://lh5.googleusercontent.com/p/AF1QipOU5J3vFMaO-FupT-I0rsifZOe4EEbBn-_lmIvo=w408-h544-k-no,41.9994375,21.4126875
La Mer Coffee & Wine bar,4.9,8,Bar,Dine-in;,MK Orce Nikolov 20-9 Skopje 1000,+389 78 268 598,8AM–5PM,8AM–5PM,8AM–5PM,8AM–5PM,8AM–5PM,8AM–5PM,Closed,https://lh5.googleusercontent.com/p/AF1QipNN81BonqhcykauDSgXQcC6aau3nDLzp7hNfSHF=w408-h408-k-no,41.9975625,21.4295625
Custom pub,4.6,418,Cafe,Dine-in;Delivery;,MK Boulevard VMRO Skopje 1000,+389 71 394 941,8AM–12AM,8AM–12AM,8AM–12AM,8AM–12AM,8AM–1AM,9AM–1AM,10AM–12AM,https://lh5.googleusercontent.com/p/AF1QipPlqWlFSGm4NzCwFTmANbC9AHWvsBOPYN8Apg7g=w426-h240-k-no,41.9968125,21.4283125
Restaurant „Distrikt“,4.5,772,Restaurant,Dine-in;Takeaway;Delivery;,Plostad Makedonija 7 Skopje 1000,+389 71 238 522,7AM–12AM,7AM–12AM,7AM–12AM,7AM–12AM,7AM–1AM,7:30AM–1AM,7AM–12AM,https://lh5.googleusercontent.com/p/AF1QipP-rrzrIWwiwLxzvRlYeU67wyVZFgh1babYsdc1=w408-h272-k-no,41.9961875,21.4304375
INSIDE BAR,4.4,8,Bar,;,Mitropolit Teodosij Gologanov 34a Skopje 1000,+389 76 915 575,10AM–12AM,10AM–12AM,10AM–12AM,10AM–12AM,10AM–1AM,10AM–1AM,Closed,https://lh5.googleusercontent.com/p/AF1QipNXKUOqWApUpHNbfzY7xx-CM2Arj-sL3SDZKQoD=w408-h601-k-no,41.9950625,21.4219375
Three Kitchen & Bar,4.3,418,Restaurant,Dine-in;Takeaway;,50-та Дивизија 25 Skopje 1000,+389 70 282 788,9AM–12AM,9AM–12AM,9AM–12AM,9AM–12AM,9AM–1AM,9AM–1AM,Closed,https://lh5.googleusercontent.com/p/AF1QipMlocjiMEUx8I1wwiQWpOjaTCT8tEzgfY85QZIh=w408-h306-k-no,41.9906875,21.4253125
Вински бар Ла Барба Просциутериа / La Barba Prosciutteria Wine Bar,4.8,25,Bar,Dine-in;Wine,MK Boulevard Ilinden 93/lokal 1 Skopje 1000,+389 72 600 604,12PM–12AM,12PM–12AM,12PM–12AM,12PM–12AM,12PM–1AM,12PM–1AM,12–11PM,https://lh5.googleusercontent.com/p/AF1QipOv31ThyTqHfvkEZHoByvw9RK1B93z5PCBpbXtt=w408-h272-k-no,42.0059375,21.4154375
Craft Brewery Temov @ Kolektiv,4.3,89,Bar,Delivery;,11th October No1 Skopje 1000,+389 2 321 3099,8AM–12AM,8AM–12AM,8AM–12AM,8AM–12AM,8AM–1AM,Closed,8AM–12AM,https://lh5.googleusercontent.com/p/AF1QipNAoAJ2qgZHf4om4CbBkOeTfXjbgRY_l1VSXZym=w408-h272-k-no,41.9956875,21.4320625
Stanica „Karposh“,5,1,Bar,;,Boulevard Ilinden 144 Skopje 1000,+389 70 556 508,8AM–1AM,8AM–1AM,8AM–1AM,8AM–1AM,8AM–1AM,8AM–1AM,9AM–1AM,https://lh5.googleusercontent.com/p/AF1QipOxX3emM4ODOByw1jSPfrbLqQaqFBS8w0Ze53Uq=w408-h306-k-no,42.0078125,21.3993125
Hellthy Smoothie Bar,4.3,10,Bar,Takeaway;,Орце Николов бр. 90,+389 2 310 7852,8AM–5PM,8AM–5PM,8AM–5PM,8AM–5PM,8AM–5PM,9AM–2PM,Closed,https://streetviewpixels-pa.googleapis.com/v1/thumbnail?panoid=xqrgn9J5tDUN9hoDdVPg-A&cb_client=search.gws-prod.gps&w=408&h=240&yaw=359.66376&pitch=0&thumbfov=100,42.0005625,21.4250625
Brick Eat Restaurant & Bar,4.2,362,Restaurant,Dine-in;Takeaway;No-contact delivery;,Kej 13. Noemvri Skopje 1000,+389 76 220 858,9AM–1AM,9AM–1AM,9AM–1AM,9AM–1AM,9AM–1AM,9AM–1AM,9AM–1AM,https://lh5.googleusercontent.com/p/AF1QipOVzznqR8EUKsKOjJd1bdgGyT2Mv2Ptv6xWvsAR=w408-h543-k-no,42.0064375,21.4268125
Skara Bar,4.5,809,Restaurant,Dine-in;Takeaway;,Varsavska 70 Skopje 1000,+389 75 727 110,9AM–12AM,9AM–12AM,9AM–12AM,9AM–12AM,9AM–1AM,9AM–1AM,12–8PM,https://lh5.googleusercontent.com/p/AF1QipO9iEnLKiQvbNm4H6agoFtOURdPuSCAHG09Wze0=w408-h544-k-no,42.0016875,21.3924375
The Hut,4.9,14,Bar,;,Ul Dimche Mirchev 4 Skopje 1000,+389 71 277 297,8AM–12AM,8AM–12AM,8AM–12AM,8AM–12AM,8AM–1AM,8AM–1AM,8AM–12AM,https://lh5.googleusercontent.com/p/AF1QipP53EpXNVNOKeZ8tYlC-yq0Y16-U5Rb6Pe1CbtU=w408-h306-k-no,41.9881875,21.4278125
Sterna Cafe,5,3,Bar,;,Naroden Front 19a Skopje 1000,+389 70 223 843,8AM–12AM,8AM–12AM,8AM–12AM,8AM–12AM,8AM–1AM,8AM–1AM,Closed,https://lh5.googleusercontent.com/p/AF1QipO3GflIo4Hu45HF-O1AVdmRcm9H7SSZuUv52Hmq=w408-h544-k-no,41.9938125,21.4165625
1Sh Lounge Bar,4.4,218,Restaurant,Dine-in;Takeaway;Delivery;,MK Lazo trpovski bb Skopje 1000,+389 78 297 297,8AM–12AM,8AM–12AM,8AM–12AM,8AM–12AM,8AM–12AM,8AM–12AM,8AM–12AM,https://lh5.googleusercontent.com/p/AF1QipNCFrRdVjPzt0WmTbttv64Qgmv4l90GyWJ-jjju=w408-h308-k-no,42.0243125,21.4356875
Oeno Wine Bar & Deli,4.6,183,Bar,Dine-in;Kerbside pickup;No-contact delivery;Wine,MK Boulevard Ilinden 160 Skopje 1000,+389 2 309 0100,8AM–11:30PM,8AM–11:30PM,8AM–11:30PM,8AM–11:30PM,8AM–11:30PM,8AM–11:30PM,9AM–11:30PM,https://lh5.googleusercontent.com/p/AF1QipPy7iAp6m9cILH0VOOI761nYdKLtvfvY0vaeWrh=w408-h272-k-no,42.0084375,21.3938125
Bajka 2D Bar,5,4,Bar,;,Bulevar Partizanski Odredi Br.29 Kat 1 Lokal 8 Skopje 1000,,10AM–1AM,10AM–1AM,10AM–1AM,10AM–1AM,10AM–1AM,10AM–1AM,8PM–1AM,https://streetviewpixels-pa.googleapis.com/v1/thumbnail?panoid=5OWT_UITTx97hGenQfXf8A&cb_client=search.gws-prod.gps&w=408&h=240&yaw=210.00388&pitch=0&thumbfov=100,41.9989375,21.4206875
Cherry Bar,4.5,608,Cafe,Dine-in;Delivery;,Rajko Zhinzifov Skopje 1000,+389 2 615 2666,9AM–12AM,9AM–12AM,9AM–12AM,9AM–12AM,9AM–1AM,9AM–1AM,9AM–12AM,https://lh5.googleusercontent.com/p/AF1QipOHiPXmCQqPMMPoxnNi2oMN_I2EZttz7OLjDXb-=w408-h408-k-no,41.99875,21.41875
Dobar Bar,4.6,270,Cafe,Takeaway;No-contact delivery;,Bul. Partizanski Odredi 155-10/11 Skopje MK 1000,+389 75 287 065,8AM–12AM,8AM–12AM,8AM–12AM,8AM–12AM,8AM–12AM,8AM–12AM,8AM–12AM,https://lh5.googleusercontent.com/p/AF1QipMPLBdZdj2PyrPDoORu0yu57tfJfVCe9t7Yhm9e=w426-h240-k-no,42.0081875,21.3689375
Morris Caffe Bar,4.7,11,Bar,Takeaway;Dine-in;Delivery;,ul. Zivko Cingo 8a 1000,+389 2 317 0570,9AM–12AM,9AM–12AM,9AM–12AM,9AM–12AM,9AM–1AM,9AM–1AM,9AM–12AM,https://lh5.googleusercontent.com/p/AF1QipNE09t3q7jlNTuPRL0j0gdcNpPOjL4izp9GVJiw=w408-h544-k-no,42.0009375,21.4196875
Komitet,5,13,Bar,Dine-in;Kerbside pickup;Delivery;Gay,Parking garage Dame Gruev 12 Beko Local 21 Skopje 1000,+389 70 311 817,9AM–5PM,9AM–10PM,9AM–10PM,9AM–10PM,9AM–1AM,5PM–1AM,Closed,https://lh5.googleusercontent.com/p/AF1QipNiBv89NPqScpONcMkLFTBRUt4DAm0rOhgr4Wbp=w408-h272-k-no,41.9934375,21.4284375
Meze,4.3,885,Restaurant,Dine-in;Takeaway;,Бул. Кузман Јосифовски Питу бб Skopje 1000,+389 2 612 1214,9AM–12AM,9AM–12AM,9AM–12AM,9AM–12AM,9AM–1AM,9AM–1AM,9AM–12AM,https://lh5.googleusercontent.com/p/AF1QipNYuYyawGeTpUZG_WG6269kyOsDBUUJyv5Ip5L_=w408-h544-k-no,41.9898125,21.4493125
La Cafeteria,4.7,6,Bar,;,Boulevard 8mi Septemvri br.18 Skopje 1000,+389 71 334 041,8AM–6PM,8AM–6PM,8AM–6PM,8AM–6PM,8AM–6PM,9AM–2PM,9AM–2PM,https://lh5.googleusercontent.com/p/AF1QipPo3M60NJyOwTYyPAkLB-apgETROSN312NAU6SY=w408-h271-k-no,42.0065625,21.4063125
Бар „Шарлот“,4.8,13,Bar,Dine-in;Kerbside pickup;Delivery;,MK Debarca 10 Skopje 1000,+389 70 230 030,9AM–12AM,9AM–12AM,9AM–12AM,9AM–12AM,9AM–1AM,9AM–1AM,9AM–12AM,https://lh5.googleusercontent.com/p/AF1QipMUagDKwqZ3QT8vDBtGjXho4tHBwragCiRJKZIU=w408-h544-k-no,41.9965625,21.4240625
Amigos,4.5,1391,Restaurant,Dine-in;Takeaway;Delivery;Mexican,Macedonia 11 Skopje 1000,+389 71 230 315,9AM–12AM,9AM–12AM,9AM–12AM,9AM–12AM,9AM–1AM,9AM–1AM,10AM–12AM,https://lh5.googleusercontent.com/p/AF1QipPsDi2vX098HFN2f10M-RrKzfjVpO7It61aNONF=w408-h331-k-no,41.9933125,21.4300625
Bubble Bar,3,6,Bar,;,Belasitsa 2 Skopje 1000,,10AM–10PM,10AM–10PM,10AM–10PM,10AM–10PM,10AM–10PM,10AM–10PM,10AM–10PM,https://lh5.googleusercontent.com/p/AF1QipOFwfIhB7v6JUN7nCyQO1HU-Dlth4NnuR1DTEwJ=w408-h544-k-no,41.9974375,21.4528125
BAZA - БАЗА,5,2,Bar,;,Arhiepiskop Angelarij 1A Skopje 1000,+389 70 890 116,10AM–12AM,10AM–12AM,10AM–12AM,10AM–12AM,10AM–12AM,10AM–12AM,Closed,https://lh5.googleusercontent.com/p/AF1QipMtbi2hznSAcjunU6EWv4QkJ9eCSAtwyDLlJUL6=w408-h306-k-no,41.9994375,21.4351875
Madison Garden,4.1,30,Restaurant,Dine-in;Takeaway;Delivery;,Boulevard Saint Clement of Ohrid 29 Skopje 1000,+389 76 873 853,8AM–12AM,8AM–12AM,8AM–12AM,8AM–12AM,8AM–12AM,8AM–12AM,Closed,https://lh5.googleusercontent.com/p/AF1QipM8xgg5Q_DR-Z5JPo-dmh98DmnywqPadgUD4PE1=w408-h544-k-no,41.9939375,21.4258125
Skybar - Russia Hotel,4.7,46,Restaurant,Dine-in;,AVNOJ Blvd 22 Skopje 1000,+389 2 240 0030,Closed,8PM–3AM,8PM–3AM,8PM–3AM,8PM–3AM,8PM–3AM,8PM–3AM,https://lh5.googleusercontent.com/p/AF1QipOZK9S90DAQyv6WwN3WGzevnBqGkrlM5eLwK-XS=w408-h725-k-no,41.9930625,21.4654375
Lounge Bar Bis,4.5,536,Cafe,Dine-in;Takeaway;,Ul. Dragisha Mishkovic bb Скопје MK 1000,+389 2 614 8812,8AM–12AM,8AM–12AM,8AM–12AM,8AM–12AM,8AM–1AM,8AM–1AM,8AM–12AM,https://lh5.googleusercontent.com/p/AF1QipPSeaGP0f9cdn7tTXaGgey-ztTh7mTAjYdU10WT=w408-h306-k-no,42.0068125,21.4021875
EQUILIBRIUM Restaurant & Coffee Bar,4.5,1980,Restaurant,Dine-in;Takeaway;Delivery;Modern European,Metodija Shatorov-Sharlo 11 Skopje 1000,+389 2 609 0555,8AM–12AM,8AM–12AM,8AM–12AM,8AM–12AM,8AM–1AM,8AM–1AM,8AM–12AM,https://lh5.googleusercontent.com/p/AF1QipNVG7XmYaCHuSfobxQOgb2mNmcwC1hPcfKfKRYr=w408-h272-k-no,41.9865625,21.4541875
La Terrazza Restaurant,4.4,1457,Restaurant,Dine-in;Takeaway;Italian,Plostad Makedonija Skopje 1000,+389 2 311 3380,8AM–12AM,8AM–12AM,8AM–12AM,8AM–12AM,9AM–1AM,9AM–1AM,10AM–12AM,https://lh5.googleusercontent.com/p/AF1QipM0Qg_83I80ZGc52p1vHzcrr90mIxFFJHPlV1RD=w408-h306-k-no,41.9951875,21.4316875
Distrikt,4.5,772,Restaurant,Dine-in;Takeaway;Delivery;,Plostad Makedonija 7 Skopje 1000,+389 71 238 522,7AM–12AM,7AM–12AM,7AM–12AM,7AM–12AM,7AM–1AM,7:30AM–1AM,7AM–12AM,https://lh5.googleusercontent.com/p/AF1QipP-rrzrIWwiwLxzvRlYeU67wyVZFgh1babYsdc1=w408-h272-k-no,41.9961875,21.4304375
Taverna Toscana,4.7,72,Restaurant,Dine-in;Takeaway;,Митрополит Теодосиј Гoлоганов 72 Скопје 1000 Mitropolit Teodosij Gologanov 72 Skopje 1000,+389 72 305 802,2PM–12AM,2PM–12AM,2PM–12AM,2PM–12AM,2PM–1AM,2PM–1AM,2PM–12AM,https://lh5.googleusercontent.com/p/AF1QipMLYZGS-no2A65TgOgv154EJu4huN85KbpTP5SL=w408-h306-k-no,41.9960625,21.4090625
Old City House,4.5,1715,Restaurant,Dine-in;Takeaway;Eastern European,Boulevard Phillip the Second of Macedon 14 Skopje 1000,+389 2 313 1376,8AM–12AM,8AM–12AM,8AM–12AM,8AM–12AM,8AM–12AM,12PM–12AM,Closed,https://lh5.googleusercontent.com/p/AF1QipNggdkfclL5-VoFLMjMp637O4CZfH9Sk6I3Clm0=w408-h306-k-no,41.9969375,21.4383125
Gino,4.4,1673,Restaurant,Dine-in;Takeaway;Delivery;,GTC floor 1 loc. 205 Skopje 1000,+389 2 312 1109,9AM–12AM,9AM–12AM,9AM–12AM,9AM–12AM,9AM–1AM,9AM–1AM,9AM–1AM,https://lh5.googleusercontent.com/p/AF1QipP3ah7aEf8fOyLfbsdHDj8HEWYPZKVoiTpVt4Zq=w408-h306-k-no,41.9943125,21.4340625
Restaurant Dva Еlena,4.4,560,Restaurant,Dine-in;Takeaway;Delivery;,Zagrebska 31 Skopje 1000,+389 2 306 0900,10:30AM–12AM,10:30AM–12AM,10:30AM–12AM,10:30AM–12AM,10:30AM–1AM,10:30AM–1AM,10:30AM–11PM,https://lh5.googleusercontent.com/p/AF1QipPfmQFfIwMXldl_tFfES2kjrucpIVjlmBzFucpk=w426-h240-k-no,41.9929375,21.4079375
National Restaurant Makedonska Kukja,4.4,962,Restaurant,Dine-in;Takeaway;Delivery;Eastern European,Teodosie Gologanov no 63 nearby Alumina Mitropolit Teodosij Gologanov Skopje 1000,+389 2 329 6415,8AM–12AM,8AM–12AM,8AM–12AM,8AM–12AM,8AM–1AM,8AM–1AM,8AM–12AM,https://lh5.googleusercontent.com/p/AF1QipPDf0-Ec1YiZhQBtox94WKbIovvQUc7uArA8vbx=w408-h271-k-no,41.9960625,21.4021875
Vodenica Mulino,4.6,751,Restaurant,Dine-in;Takeaway;,Mitropolit Teodosij Gologanov 69 Skopje 1000,+389 2 323 2877,12PM–12AM,12PM–12AM,12PM–12AM,12PM–12AM,12PM–12AM,12PM–12AM,Closed,https://lh5.googleusercontent.com/p/AF1QipN-ySFGU_BxxEoz6BWfV3uDsUNry38DDWMlL9Vn=w426-h240-k-no,41.9948125,21.4135625
Carpe Diem - Fine Wine & Dine,4.4,957,Restaurant,Dine-in;Takeaway;,MK Кеј 13-ти Ноември Skopje 1000,+389 70 355 750,9AM–12AM,9AM–12AM,9AM–12AM,9AM–12AM,9AM–12AM,9AM–12AM,9AM–12AM,https://lh5.googleusercontent.com/p/AF1QipOFuhCT1saCtTht50lM29oO-uYQOtLK2AVcx3ZJ=w408-h240-k-no-pi0.02126462-ya42.092587-ro0.40229648-fo100,41.9951875,21.4354375
Skopski Merak,4.6,3143,Restaurant,Dine-in;Kerbside pickup;Delivery;Eastern European,Ul Debarca St 51 Skopje 1000,+389 78 343 630,9AM–1AM,9AM–1AM,9AM–1AM,9AM–1AM,9AM–1AM,9AM–1AM,11AM–1AM,https://lh5.googleusercontent.com/p/AF1QipMYgG54nOJkAcB8nccafl38JjhZeawcB4ivgAkJ=w408-h272-k-no,42.0010625,21.4199375
Dukat Gostilnica,4.6,2033,Restaurant,Dine-in;Takeaway;,MK Boulevard Mitropolit Teodosij Gologanov 79 Skopje 1000,+389 72 306 198,8AM–12AM,8AM–12AM,8AM–12AM,8AM–12AM,8AM–1AM,8AM–1AM,8AM–12AM,https://lh5.googleusercontent.com/p/AF1QipNi-uZVLUCE8NHOGqSWi82VHCfIfwFR3HKZI3K6=w408-h281-k-no,41.9949375,21.4129375
Destan,4,1384,Restaurant,Dine-in;Takeaway;Barbecue,Казанџиска Skopje 1000,+389 2 322 4063,9AM–11PM,9AM–11PM,9AM–11PM,9AM–11PM,9AM–11PM,9AM–11PM,9AM–11PM,https://lh5.googleusercontent.com/p/AF1QipNxdzlH3giLe3jx7tc2ev9vMoa12EbGh7bWy9wA=w408-h306-k-no,41.9998125,21.4360625
Pelister,4.5,2223,Restaurant,;,Boulevard Macedonia Skopje 1000,+389 2 311 2482,10AM–12AM,10AM–12AM,10AM–12AM,10AM–12AM,10AM–12AM,10AM–12AM,10AM–11PM,https://lh5.googleusercontent.com/p/AF1QipNNpdRSgx9_P7ATIGYZo4QxYZLTGrM3bn_oJKHN=w408-h306-k-no,41.9953125,21.4314375
Olive,4.5,229,Restaurant,Dine-in;Takeaway;,Pariska Skopje 1000,+389 2 306 6623,9AM–10PM,9AM–10PM,9AM–10PM,9AM–10PM,9AM–10PM,9AM–6PM,Closed,https://lh5.googleusercontent.com/p/AF1QipNe-6nHfWLKzEFKp68CVB6xI1n4ehXq7XjUqa9h=w408-h272-k-no,42.0015625,21.4014375
Lyra,4.4,528,Restaurant,Dine-in;Takeaway;,Nikola Tesla 11 Skopje 1000,+389 2 308 3020,9AM–12AM,9AM–12AM,9AM–12AM,9AM–12AM,9AM–1AM,9AM–1AM,9AM–12AM,https://lh5.googleusercontent.com/p/AF1QipMWVVytD3ntsl4fKydoIDa1e4pILLjEYM6-XjbV=w426-h240-k-no,42.0059375,21.4109375
"Gradska Kafeana ""Kaj Jole""",4.5,371,Restaurant,Dine-in;Takeaway;,Maksim Gorki 18 Skopje 1000,+389 2 320 0099,8AM–12AM,8AM–12AM,8AM–12AM,8AM–12AM,8AM–1AM,8AM–1AM,Closed,https://lh5.googleusercontent.com/p/AF1QipO1YOmPuyW5ZQ5pHu79uBcmRnTDvWVBFT8ZNbnf=w408-h543-k-no,41.9964375,21.4283125
Chardak,4.3,546,Restaurant,Dine-in;Takeaway;Eastern European,MK Gjorgji Peshkov Skopje 1000,+389 70 410 919,8:30AM–12AM,8:30AM–12AM,8:30AM–12AM,8:30AM–12AM,8:30AM–1AM,8:30AM–12AM,8:30AM–12AM,https://lh5.googleusercontent.com/p/AF1QipPf1y3lRAHbXnWjKRAe0MNtPHZ7KjSwXkcATnjp=w481-h240-k-no,42.0020625,21.4221875
Sidro,4.5,583,Restaurant,Dine-in;Takeaway;Seafood,Атинска 21 Skopje 1000,+389 71 277 076,1–11PM,9AM–12AM,9AM–12AM,9AM–12AM,9AM–12AM,9AM–12AM,12–7PM,https://lh5.googleusercontent.com/p/AF1QipNTPSwJt7KkwY8P9f6XyqDsCIaPFg2C1EQUtSl4=w427-h240-k-no,41.9974375,21.4098125
Trend,3.9,1824,Restaurant,Dine-in;Takeaway;Delivery;,4 Nikola Vapcarov 2 Skopje 1000,+389 71 368 846,8AM–12AM,8AM–12AM,8AM–12AM,8AM–12AM,8AM–1AM,9AM–1AM,9AM–12AM,https://lh5.googleusercontent.com/p/AF1QipN4-m8XRr61-17AMSCfRV-M1S1YayEkUDzRVS73=w506-h240-k-no,41.9958125,21.4306875
Pivnica An,4.4,157,Restaurant,Dine-in;Takeaway;,Gradishte 14 Skopje 1000,+389 2 321 2111,9:30AM–12AM,9:30AM–12AM,9:30AM–12AM,9:30AM–12AM,9:30AM–1AM,9:30AM–1AM,12:30PM–12AM,https://lh5.googleusercontent.com/p/AF1QipOXyL7fzoT5NMfnqQKchCFSL2CbGljPmMWulRZU=w408-h306-k-no,42.0000625,21.4366875
La Puerta,4.5,273,Restaurant,Dine-in;Takeaway;Delivery;,ГТЦ Први Кат страна на жена парк Skopje Skopje MK 1000,+389 78 442 897,8AM–11PM,8AM–11PM,8AM–11PM,8AM–11PM,8AM–11PM,8AM–11PM,Closed,https://lh5.googleusercontent.com/p/AF1QipNyAuraAk82HRKKcybkSirxJRn7tLi1gx17dA8K=w408-h306-k-no,41.9945625,21.4336875
Nadžak,4.5,753,Restaurant,Dine-in;Kerbside pickup;Delivery;,MK Orce Nikolov 105 Skopje 1000,+389 75 438 148,9AM–1AM,9AM–1AM,9AM–1AM,9AM–1AM,9AM–1AM,9AM–1AM,9AM–1AM,https://lh5.googleusercontent.com/p/AF1QipOmvuXdeumZbtNyIFtIISFTRx6KNfbYJkD4lrU9=w408-h271-k-no,42.0014375,21.4214375
Baba Cana Vodno,4.4,1155,Restaurant,Dine-in;Takeaway;,Partenija Zografski 34 Skopje 1000,+389 2 312 6390,8AM–12AM,8AM–12AM,8AM–12AM,8AM–12AM,8AM–1AM,8AM–1AM,12–10PM,https://lh5.googleusercontent.com/p/AF1QipNlbzOLkNKRyXA3ABtHwMgBa0BtichVe8pOSzke=w408-h306-k-no,41.9868125,21.4194375
Restaurant Kaj Pero,4.4,577,Restaurant,Dine-in;Takeaway;Delivery;,Orce Nikolov 109 Skopje 1000,+389 2 323 2898,Closed,2PM–12AM,2PM–12AM,2PM–12AM,2PM–1AM,2PM–1AM,2PM–12AM,https://lh5.googleusercontent.com/p/AF1QipNMs4kcxcwlCyMM6E2e8YKRixlcLYZqq_p0QZZ5=w408-h306-k-no,42.0015625,21.4208125
Restaurant Harmony,4.7,36,Restaurant,Dine-in;Takeout;Macrobiotic,Miroslav Krleza Skopje 1000,+389 2 521 3466,10AM–6PM.,10AM–6PM.,10AM–6PM.,10AM–6PM.,10AM–6PM.,Closed,Closed,https://lh5.googleusercontent.com/p/AF1QipP8e1vCJBCWwREOREci5es17CCEj7uje4Qq7cOr=w408-h306-k-no,41.9975625,21.4240625
Plaza de Toros,4.2,1468,Restaurant,Dine-in;Takeout;,Kej 13-ti Noemvri no.65 Skopje 1000,+389 2 322 8155,8AM–12AM,8AM–12AM,8AM–12AM,8AM–12AM,8AM–1AM,9AM–1AM,8AM–12AM,https://lh5.googleusercontent.com/p/AF1QipM2XNmB_1oZ6i2riBT7aclXyF2YmpzPubwmjUdp=w408-h306-k-no,41.9951875,21.4351875
Antica,4.6,421,Restaurant,Dine-in;Curbside pickup;,MK Debarca 53 Skopje 1000,+389 77 855 863,10AM–12AM,10AM–12AM,10AM–12AM,10AM–12AM,10AM–12AM,12PM.–1AM,Closed,https://lh5.googleusercontent.com/p/AF1QipOTOQMo0mAxqQWCQdXFwYuXG-atP57MjS_WV3Ai=w408-h306-k-no,42.0011875,21.4196875
Idadija M,4.4,345,Restaurant,Dine-in;Takeout;Delivery;,MK Zivko MK Zhivko Chingo 1 Skopje 1000,+389 2 312 1312,10AM–12AM,10AM–12AM,10AM–12AM,10AM–12AM,10AM–1AM,12PM.–1AM,Closed,https://lh5.googleusercontent.com/p/AF1QipOoTRUbUq6gEAzHT80BLiudgl0TnjZ2giY8eSr7=w493-h240-k-no,42.0013125,21.4209375
Restoran Domini,4.5,185,Restaurant,Dine-in;Takeout;,Boulevard Krushevska Republika 27-21 Skopje 1000,+389 70 242 388,9AM–12AM,9AM–12AM,9AM–12AM,9AM–12AM,9AM–12AM,9AM–12AM,9AM–10PM.,https://lh5.googleusercontent.com/p/AF1QipOnIWEO9pMwf3wUl1SWAs2-ZgjAQlS-hfEfhgwn=w408-h544-k-no,41.9909375,21.4409375
Restaurant Merkez,3.9,108,Restaurant,Dine-in;Takeout;Turkish,Old Bazaar Skopje 1000,+389 71 539 100,8AM–12AM,8AM–12AM,8AM–12AM,8AM–12AM,8AM–12AM,8AM–12AM,8AM–12AM,https://lh5.googleusercontent.com/p/AF1QipOr4-rmfjsDhKqADIpd-7mXZCY6IxKMF2tVi3wV=w408-h306-k-no,42.0004375,21.4368125
Bure - Barrel,4.1,334,Restaurant,Dine-in;Takeout;,Bulevar Partizanski Odredi 62 A/1 -8 C5 Skopje 1000,+389 77 596 066,8AM–12AM,8AM–12AM,8AM–12AM,8AM–12AM,8AM–1AM,8AM–1AM,8AM–12AM,https://lh5.googleusercontent.com/p/AF1QipMPqwJHqPhGLTHCQ8Qe8xXnuw7zaEdt9ek78OhF=w408-h408-k-no,42.0030625,21.4001875
Vavilon Restaurant,4.3,56,Restaurant,Dine-in;Takeout;,1000 Skopje 1000,,9AM–1AM,9AM–1AM,9AM–1AM,9AM–1AM,9AM–1AM,9AM–1AM,9AM–1AM,https://lh5.googleusercontent.com/p/AF1QipOe1WoWiuoww_BvUuXbirCzGio3LSvehQiMaGV-=w408-h544-k-no,42.0004375,21.4369375
Soul Kitchen - Macedonian Wine & Cuisine,4.4,1837,Restaurant,Dine-in;Takeout;Delivery;Soul food,MK Кеј 13-ти Ноември Skopje 1000,+389 78 887 733,8AM–12AM,8AM–12AM,8AM–12AM,8AM–12AM,8AM–1AM,8AM–1AM,8AM–12AM,https://lh5.googleusercontent.com/p/AF1QipOiknoNT1O_8StaCNKoygSsVF6ujM65ub1gJtqw=w426-h240-k-no,41.9955625,21.4339375
Skadarlija,4.4,370,Restaurant,Dine-in;Takeout;,Orce Nikolov Skopje 1000,+389 2 305 2717,9AM–12AM,9AM–12AM,9AM–12AM,9AM–12AM,9AM–1AM,9AM–1AM,12–8PM.,https://lh5.googleusercontent.com/p/AF1QipOfHd6aHnFpvEkn0MRpcM8lc7ToN_MxBMsmYQ_a=w408-h272-k-no,42.0045625,21.4146875
Light,4.5,234,Restaurant,Dine-in;Takeout;Delivery;,Mitropolit Teodosij Gologanov 49 Skopje 1000,+389 71 386 386,8AM–12AM,8AM–12AM,8AM–12AM,8AM–12AM,8AM–12AM,9AM–12AM,Closed,https://lh5.googleusercontent.com/p/AF1QipM99v6Jd0HyVYpGEibevHWfyFMydO9Ee5fgUHSz=w408-h240-k-no-pi0-ya240-ro0-fo100,41.9946875,21.4209375
Casablanca Restaurant,4.7,325,Restaurant,Dine-in;Takeout;,Skopje 1000,+389 70 398 634,8AM–12AM,8AM–12AM,8AM–12AM,8AM–12AM,8AM–12AM,8AM–12AM,Closed,https://lh5.googleusercontent.com/p/AF1QipOjer1j2-fH8_SHRtzoJmXn8Ndpy55tmHcmIfuP=w493-h240-k-no,42.0070625,21.4261875
St. Patrick,4.4,2196,Restaurant,Dine-in;Takeout;,Кеј 13-ти Ноември 8 Skopje 1000,+389 2 325 6337,8AM–12AM,8AM–12AM,8AM–12AM,8AM–12AM,8AM–1AM,8AM–1AM,8AM–12AM,https://lh5.googleusercontent.com/p/AF1QipOjgwKcQrfTpM-HNp54S8ewqEyP2c105IUEIfPl=w408-h306-k-no,41.9950625,21.4356875
511,4.5,122,Restaurant,Dine-in;Takeout;Delivery;Pizza,MK Vasil Gjorgov 29 Skopje 1000,+389 2 321 3735,9AM–12AM,9AM–12AM,9AM–12AM,9AM–12AM,9AM–12AM,12PM.–12AM,12PM.–12AM,https://lh5.googleusercontent.com/p/AF1QipMXk5i_zwvr5vU-wcNP8AfoNp6P1fGjULNQ59fc=w426-h240-k-no,41.9924375,21.4163125
Restaurant Buket,4.2,83,Restaurant,Dine-in;Curbside pickup;Delivery;,MK Boulevard Saint Clement of Ohrid Skopje 1000,+389 2 311 2112,9AM–6PM.,9AM–6PM.,9AM–6PM.,9AM–6PM.,9AM–6PM.,9AM–6PM.,Closed,https://lh5.googleusercontent.com/p/AF1QipPOkFtVmyFOebk7mM5c5OM0AurK956ScvRWhCrx=w408-h459-k-no,41.9945625,21.4244375
Matto Napoletano,4.6,224,Restaurant,Dine-in;Curbside pickup;Italian,Debarca 2a Skopje 1000,+389 71 343 063,8AM–11:30PM.,8AM–11:30PM.,8AM–11:30PM.,8AM–11:30PM.,8AM–11:30PM.,8AM–11PM.,8AM–11:30PM.,https://lh5.googleusercontent.com/p/AF1QipPG4ggYsvcp2WXZwYAkAMVbfkDQ-dyojrh5PqwR=w408-h272-k-no,41.9963125,21.4243125
Jadica Restoran,4.6,180,Restaurant,Dine-in;Takeout;Seafood,Varsavska 6 Skopje 1000,+389 2 307 1001,8AM–12AM,8AM–12AM,8AM–12AM,8AM–12AM,8AM–12AM,8AM–12AM,8AM–9PM.,https://lh5.googleusercontent.com/p/AF1QipNH3j8jvmzW4n7UQUTIVFUKrS9qMYjoUNfAR33a=w408-h306-k-no,42.0003125,21.4019375
Granche Restaurant,4.9,16,Restaurant,Dine-in;Takeout;,Boulevard 8-mi Septemvri 18 Skopje 1000,+389 70 353 611,8AM–12AM,8AM–12AM,8AM–12AM,8AM–12AM,8AM–12AM,8AM–12AM,Closed,https://lh5.googleusercontent.com/p/AF1QipPRx2gHXx_chCjcBpwtSA11V3RJyuw0q8g-Jl4E=w408-h510-k-no,42.0063125,21.4064375
Turist,4,23,Restaurant,Dine-in;Takeout;Turkish,MK Maksim Gorki no.5/1 Skopje 1000,,9AM–11PM.,9AM–11PM.,9AM–11PM.,9AM–11PM.,9AM–11PM.,9AM–11PM.,9AM–11PM.,https://lh5.googleusercontent.com/p/AF1QipM_2hqk0WziqiNEp_gh2minpvyW2b_RClWSrYk=w408-h306-k-no,41.9959375,21.4299375
Taverna Trpe-Zarija,4.6,31,Restaurant,Dine-in;Takeout;Seafood,Naum Naumovski Borche 56 Skopje 1000,+389 70 806 080,8AM–1AM,8AM–1AM,8AM–1AM,8AM–1AM,8AM–1AM,8AM–1AM,8AM–1AM,https://lh5.googleusercontent.com/p/AF1QipPCYcPNUiuhtevhPisIo615pBr4sZylzOxibfXx=w426-h240-k-no,41.9991875,21.4239375
Brunch Box Eatery,4.7,100,Restaurant,Dine-in;Takeout;Delivery;,Диме Аницин 15 Skopje 1000,+389 77 661 424,8:30AM–5PM.,8:30AM–5PM.,8:30AM–5PM.,8:30AM–5PM.,8:30AM–5PM.,9:30AM–3:30PM.,Closed,https://lh5.googleusercontent.com/p/AF1QipMN17ddeENyW-awo9pYSjBqIlc7-OPu0m8PeYim=w408-h306-k-no,41.9963125,21.4155625
Day and Night Restaurant,4.3,609,Restaurant,Dine-in;Takeout;Delivery;,ul skupi bb Скопје MK MK 1000,+389 2 309 6096,9AM–12AM,9AM–12AM,9AM–12AM,9AM–12AM,9AM–1AM,9AM–1AM,Closed,https://lh5.googleusercontent.com/p/AF1QipO0rBMDXA-3ZnZ5uUAAbLGCJTmCHaR3w0XvZ4fw=w426-h240-k-no,42.0138125,21.4059375
Meana Gros,4.3,548,Restaurant,Dine-in;Takeout;,MK Nikola Rusinski 1 Skopje 1000,+389 77 973 155,8AM–12AM,8AM–12AM,8AM–12AM,8AM–12AM,8AM–12AM,8AM–12AM,8AM–12AM,https://lh5.googleusercontent.com/p/AF1QipMH2qSZwnJ1-qUB3upSNYSi67DO2NLIgggnRmx8=w408-h306-k-no,42.0034375,21.3995625
Gurman,4.5,197,Restaurant,Dine-in;Takeout;,Mother Teresa 6 Skopje 1000,+389 2 317 6200,7AM–10PM.,7AM–10PM.,7AM–10PM.,7AM–10PM.,7AM–10PM.,7AM–10PM.,Closed,https://lh5.googleusercontent.com/p/AF1QipN-6l2vETKvTXaVru7eiIw8oPzKqq1Gr2pwzBLr=w408-h244-k-no,41.9916875,21.4221875
Casa Cubana,4.3,1217,Restaurant,Dine-in;Takeout;Cuban,Кеј 13-ти Ноември b.b. Skopje 1000,+389 71 310 404,9AM–12AM,9AM–12AM,9AM–12AM,9AM–12AM,9AM–1AM,9AM–1AM,9AM–12AM,https://lh5.googleusercontent.com/p/AF1QipNZU5hkc37hAbaiXQsJYWGksTckFllgW71csmrf=w408-h306-k-no,41.9954375,21.4345625
Daily Food & Wine,4.5,845,Restaurant,Dine-in;Takeout;Italian,Vasil Gjorgov 16 Skopje 1000,+389 72 256 100,8AM–12AM,8AM–12AM,8AM–12AM,8AM–12AM,8AM–1AM,8AM–1AM,10AM–10PM.,https://lh5.googleusercontent.com/p/AF1QipOyYCTH7kwqo4tpntPAGlDKofI1F04k1Hf54O3c=w408-h335-k-no,41.9926875,21.4196875
Skara Restorant Fontana,4.7,14,Restaurant,Dine-in;Takeout;,Rajko Zhinzifov 26 Skopje 1000,+389 2 322 0088,9AM–12AM,9AM–12AM,9AM–12AM,9AM–12AM,9AM–12AM,9AM–12AM,9AM–12AM,https://lh5.googleusercontent.com/p/AF1QipPGjijiEF4ad_mt2aZ6Sy7YaCeYElE6e-53t6zV=w408-h306-k-no,41.99875,21.41875
Mama,4.5,30,Restaurant,Dine-in;Takeout;,MK Orce Nikolov 90 Skopje 1000,+389 70 222 633,10AM–6PM.,10AM–6PM.,10AM–6PM.,10AM–6PM.,10AM–6PM.,Closed,Closed,https://lh5.googleusercontent.com/p/AF1QipOBJXV6M6p9eiVZIwlq9plJ0KyIW9msLo9PbJsb=w426-h240-k-no,42.0006875,21.4250625
Marger Restaurant,4.1,723,Restaurant,Dine-in;Takeout;,Boulevard Ilinden 93 Skopje 1000,+389 2 306 7428,Closed,10AM–12AM,10AM–12AM,10AM–12AM,10AM–12AM,10AM–12AM,10AM–12AM,https://lh5.googleusercontent.com/p/AF1QipObtdOiR72LXMKwGy9FXoANnmD2gg-_iLUDc4D8=w408-h544-k-no,42.0081875,21.4139375
Gradska Kafeana Dvor,4.4,330,Restaurant,Dine-in;Takeout;,Mitropolit Teodosij Gologanov 67 Skopje 1000,+389 2 311 1261,8AM–12AM,8AM–12AM,8AM–12AM,8AM–12AM,8AM–1AM,8AM–1AM,8AM–12AM,https://lh5.googleusercontent.com/p/AF1QipMRH5tPFRRovFEjspLr_BGXLrUz-OVEuKelUKWd=w408-h544-k-no,41.9948125,21.4138125
Гостилница „Турист“,3.5,61,Restaurant,Takeout;,Old Bazaar gradishte 14 Skopje 1000,+389 71 627 393,10AM–10PM.,10AM–10PM.,10AM–10PM.,10AM–10PM.,10AM–10PM.,10AM–10PM.,10AM–10PM.,https://lh5.googleusercontent.com/p/AF1QipOeW4d12J2f1QyMbirms9CFwUAtCQzhFam0XLMD=w408-h306-k-no,42.0006875,21.4368125
Daily Food & Wine Lisa,4.5,464,Restaurant,Dine-in;Takeout;,Vidoe Smilevski Bato 8 Skopje 1000,+389 70 358 500,8AM–12AM,8AM–12AM,8AM–12AM,8AM–12AM,8AM–12AM,8AM–1AM,8AM–10PM.,https://lh5.googleusercontent.com/p/AF1QipNNei7SomJZwEn-fbHQLusWf3_9wgBZClp0fGZV=w408-h306-k-no,41.9813125,21.4728125
Restaurant Amanet,4.3,15,Restaurant,Dine-in;Takeout;,Jordan Mijalkov 62 Skopje 1000,+389 2 311 0029,9AM–12AM,9AM–12AM,9AM–12AM,9AM–12AM,9AM–12AM,9AM–12AM,9AM–12AM,https://lh5.googleusercontent.com/p/AF1QipNs_2P1eZbndl4fHqmjzivKE_zGnG6W8lFccqsU=w408-h532-k-no,41.9880625,21.4314375
Kantina,4.4,35,Restaurant,Dine-in;Takeout;Delivery;,Radnjanska 6 Skopje 1000,+389 70 222 137,8AM–12AM,8AM–12AM,8AM–12AM,8AM–12AM,8AM–1AM,8:30AM–1AM,8:30AM–12AM,https://lh5.googleusercontent.com/p/AF1QipOq7mKPVUhR8pypKunlMU4BlYW1KFohRd_-5dm3=w408-h306-k-no,42.0006875,21.4189375
Debar Maalo Skopje,4.4,1576,Restaurant,Dine-in;Curbside pickup;,Orce Nikolov 136 Skopje 1000,+389 70 272 766,8AM–12AM,8AM–12AM,8AM–12AM,8AM–12AM,8AM–1AM,12PM.–1AM,12–8PM.,https://lh5.googleusercontent.com/p/AF1QipMG2gULRT8hxEnDkk4Hsp0yimMX3Cf5ZlTN4__b=w426-h240-k-no,42.0035625,21.4168125
The House - Fine dine & Wine restaurant,4.4,24,Restaurant,Dine-in;Takeout;,Stiv Naumov D 102 Skopje 1000,+389 2 820 0311,7AM–11:55PM.,7AM–11:55PM.,7AM–11:55PM.,7AM–11:55PM.,7AM–11:55PM.,7AM–11:55PM.,7AM–11:55PM.,https://lh5.googleusercontent.com/p/AF1QipOpukH39n8hXGM-HQOsI0CAiB2Z9RfhfSyhfXUn=w408-h306-k-no,41.9899375,21.4366875
Fontana Grill,4.5,15,Restaurant,Dine-in;Takeout;,Rajko Zhinzifov 26 Skopje 1000,+389 77 551 389,9AM–11PM.,9AM–11PM.,9AM–11PM.,9AM–11PM.,9AM–11PM.,9AM–11PM.,1–9PM.,https://lh5.googleusercontent.com/p/AF1QipNiHHtaP-a3mL8ZFVG6GfHh-XB9UF1CzxHMvWVg=w408-h306-k-no,41.99875,21.41875
Park,4.3,336,Restaurant,Dine-in;Takeout;,Ul Кеј 13-ти Ноември 4A Skopje 1000,+389 72 226 123,Closed,10AM–12AM,10AM–12AM,10AM–12AM,10AM–12AM,3PM.–12AM,3PM.–12AM,https://lh5.googleusercontent.com/p/AF1QipOQibtnlNbKDJRkqrsUfS_Sucyu_wftAjt42OmU=w426-h240-k-no,42.0035625,21.4279375
Madjo 2.0,4.4,436,Restaurant,Dine-in;Takeout;Delivery;,MK Mihail Cokov 8a Skopje 1000,+389 78 428 300,10AM–12AM,10AM–12AM,10AM–12AM,10AM–12AM,10AM–12AM,10AM–12AM,10AM–12AM,https://lh5.googleusercontent.com/p/AF1QipMpfMf9lqS4lqHGhcEqB6lmSvgkCm-HnMTXXeJF=w408-h271-k-no,42.0025625,21.4219375
Гранче,4.8,126,Restaurant,Dine-in;Takeout;,Sv. Kiril i Metodij 1000 Skopje 1000,+389 70 353 668,10AM–3PM.,10AM–3PM.,10AM–3PM.,10AM–3PM.,10AM–3PM.,10AM–3PM.,Closed,https://lh5.googleusercontent.com/p/AF1QipO4wNcInJDp_xOEGSyoDXEwEwPu5-kg04eD4CzM=w408-h544-k-no,41.9899375,21.4329375
Teteks 2,4.2,336,Restaurant,Dine-in;Takeout;Fast food,Ulica Bitpazarska br.92 Skopje 1000,+389 77 557 555,8AM–12AM,8AM–12AM,8AM–12AM,8AM–12AM,8AM–12AM,8AM–12AM,8AM–12AM,https://lh5.googleusercontent.com/p/AF1QipP3cNzZL42Gw4ggSon_91JrXDweIHmIQbzgo-gs=w408-h272-k-no,42.0020625,21.4385625
Star Ocean Restaurant,3.9,525,Restaurant,Dine-in;Takeout;No-contact delivery;Chinese,Лермонтова 19 Скопје 1000,+389 2 322 2723,10AM–12AM,10AM–12AM,10AM–12AM,10AM–12AM,10AM–1AM,11AM–1AM,11AM–12AM,https://lh5.googleusercontent.com/p/AF1QipN-ceOT2-OTxgD6K8vzuTTp03_4EuVUxO2hlhNv=w408-h273-k-no,41.9958125,21.4270625
Dneven Prestoj - Boemska ulica,4.1,568,Restaurant,Dine-in;Takeout;Delivery;,Gjorgji Peshkov 5 Skopje 1000,+389 2 310 0605,9AM–12AM,9AM–12AM,9AM–12AM,9AM–12AM,9AM–1AM,9AM–1AM,9AM–12AM,https://lh5.googleusercontent.com/p/AF1QipPWsqE0-aXpGZ7ZkrMcQnNdn-7W0oF_rqbwG96D=w513-h240-k-no,42.0019375,21.4224375
Public Room,4.5,1895,Restaurant,Dine-in;Takeout;,MK 50-та Дивизија 22 Skopje 1000,+389 78 250 554,8AM–12AM,8AM–12AM,8AM–12AM,8AM–12AM,8AM–1AM,9AM–1AM,9AM–12AM,https://lh5.googleusercontent.com/p/AF1QipPaE076tWBMfYfHLHHFC7MAVOFx4sLpyaaRxUh7=w408-h279-k-no,41.9899375,21.4259375
Bella Vista - Lounge Bar & Restaurant,4.2,1575,Restaurant,Dine-in;Takeout;Italian,Kej 13 noemvri Skopje,+389 78 255 842,8AM–12AM,8AM–12AM,8AM–12AM,8AM–12AM,8AM–1AM,8AM–1AM,8AM–12AM,https://lh5.googleusercontent.com/p/AF1QipORiE2QIuoA4dshoCgIhyh34cYxQkolYU2mr29F=w408-h272-k-no,41.9953125,21.4350625
Rulet,4.4,343,Restaurant,Dine-in;Takeout;Barbecue,Simeon Kavrakirov 9 Skopje 1000,+389 75 414 999,8AM–12AM,8AM–12AM,8AM–12AM,8AM–12AM,8AM–1AM,10AM–1AM,Closed,https://lh5.googleusercontent.com/p/AF1QipPTB7wY2F-6aspvs8qGvToLSvKJMAEGpiNIEA4K=w408-h306-k-no,41.9893125,21.4465625
Crispy - Chimney Cakes & Coffee,5,24,Restaurant,Dine-in;Takeout;,Bul Blvd Partizanski Odredi Br.64b Skopje 1000 Skopje,+389 76 455 501,9AM–10PM.,9AM–10PM.,9AM–10PM.,9AM–10PM.,9AM–10PM.,9AM–10PM.,Closed,https://lh5.googleusercontent.com/p/AF1QipPNbpKXXx14PGo5-c4HaYYsRBu3OLhGNqIgvme2=w408-h452-k-no,42.0033125,21.3986875
Kej,4.2,363,Restaurant,Dine-in;Takeout;Eastern European,Kej 13th November 34 Skopje 1000,+389 2 323 3764,8AM–1:15AM,8AM–1:15AM,8AM–1:15AM,8AM–1:15AM,8AM–1:15AM,8AM–1:15AM,8AM–1:15AM,https://lh5.googleusercontent.com/p/AF1QipNjyPoBxwEGKft_GEWET9hSkXloqhHdL_FiV_Au=w408-h306-k-no,41.9944375,21.4414375
MoonLight,4.3,79,Restaurant,Dine-in;Takeout;,Drezdenska 19 lamela 2 lokal 9 Skopje 1000,+389 71 533 001,8AM–12AM,8AM–12AM,8AM–12AM,8AM–12AM,8AM–12AM,9AM–12AM,Closed,https://lh5.googleusercontent.com/p/AF1QipNJifP_qDZaymCADzjyxlokgpPql81x4NuDwOsf=w408-h544-k-no,41.9993125,21.4053125
Fitness House,4.3,576,Restaurant,Dine-in;Takeout;Delivery;,Bul. Partizanski Odredi Br. 40 Blvd. Partizanski Odredi 40 Skopje 1000,+389 72 699 999,8AM–12AM,8AM–12AM,8AM–12AM,8AM–12AM,8AM–1AM,10AM–1AM,10AM–12AM,https://lh5.googleusercontent.com/p/AF1QipNovv-mEXL8cKN2gUmS3JqniNl6WgHILDsD6KS1=w426-h240-k-no,42.0005625,21.4146875
Food Corner & Delivery,4.6,17,Restaurant,Takeout;Delivery;,blvd. Gotse Deltchev skopje 1000,+389 70 228 203,8AM–5PM.,8AM–5PM.,8AM–5PM.,8AM–5PM.,8AM–5PM.,Closed,Closed,https://lh5.googleusercontent.com/p/AF1QipNcM9B-92SmTXONBRsbH8ZGaDkdT7QCMBhECpb0=w426-h240-k-no,41.9981875,21.4436875
Gama,4.5,498,Restaurant,Dine-in;Takeout;,9 Boulevard Jane Sandanski 62 Skopje 1000,,8AM–12AM,8AM–12AM,8AM–12AM,8AM–12AM,8AM–12AM,8AM–1AM,8AM–12AM,https://lh5.googleusercontent.com/p/AF1QipN2f98GdaMecE6_qneqOfU1fNBHNxIxmkMp9wSz=w521-h240-k-no,41.9853125,21.4655625
Food Service (aka 5ka),4.6,14,Restaurant,Dine-in;Takeout;,3rd Macedonian Brigade Skopje 1000,+389 76 361 230,7AM–6PM.,7AM–6PM.,7AM–6PM.,7AM–6PM.,7AM–6PM.,9AM–3PM.,Closed,https://lh5.googleusercontent.com/p/AF1QipMvI3X8FLRdQ6Fp7CIPqBR2fwtOyUqvs-eZT4GE=w408-h544-k-no,41.9814375,21.4533125
Teteks 5,4.5,75,Restaurant,Dine-in;Curbside pickup;Delivery;Fast food,ul Orce Nikolov 206 Skopje 1000,+389 76 445 544,8AM–11PM.,8AM–11PM.,8AM–11PM.,8AM–11PM.,8AM–11PM.,8AM–11PM.,12PM.–12AM,https://lh5.googleusercontent.com/p/AF1QipPGCUX0NdvpDl6mXvHGIGAmkVP8050vm4PHW9gx=w408-h306-k-no,42.0054375,21.4099375
SushiCo,4.3,751,Restaurant,Dine-in;Takeout;No-contact delivery;Japanese,MK MK Leninova 29 Skopje 1000,+389 2 321 7874,10AM–12AM,10AM–12AM,10AM–12AM,10AM–12AM,10AM–12AM,10AM–12AM,10AM–12AM,https://lh5.googleusercontent.com/p/AF1QipNEuU1rW2GP7ThXG58fL9xfCms4YUkM_-NkprqA=w426-h240-k-no,41.9996875,21.4238125
Street Food,4.3,23,Restaurant,Dine-in;Curbside pickup;Fast food,MK Nikola Rusinski 3a Skopje 1000,+389 75 251 443,9AM–9PM.,9AM–9PM.,9AM–9PM.,9AM–9PM.,9AM–9PM.,9AM–9PM.,Closed,https://lh5.googleusercontent.com/p/AF1QipMNV5u33PE0gDsW-_s3J8IDYDTF8UWZN2mEO7wJ=w408-h544-k-no,42.0039375,21.3985625
Гостилница/Скара на кило ЈАКАБО,4.2,31,Restaurant,Dine-in;Takeout;,Angel Dimovski 4 Skopje 1000,+389 71 774 269,9AM–8PM.,9AM–8PM.,9AM–8PM.,9AM–8PM.,9AM–8PM.,10AM–6PM.,10AM–6PM.,https://lh5.googleusercontent.com/p/AF1QipPjLjT--JZAiuUxWm9bWQFY6O_ppWjSFpWN40uz=w408-h306-k-no,41.9845625,21.4591875
Creperie,4.8,47,Restaurant,Dine-in;Curbside pickup;,ul MK Cvetan Dimov br.192 Skopje 1000,+389 75 246 413,5PM.–12AM,5PM.–12AM,5PM.–12AM,5PM.–12AM,5PM.–1AM,5PM.–1AM,5PM.–12AM,https://lh5.googleusercontent.com/p/AF1QipNNxdqdbHoYESqifmucb67VjemexJZNH9OCFma2=w408-h525-k-no,42.0121875,21.4454375
Sultan Lounge Restaurant,4.2,32,Restaurant,Dine-in;,Butel Skopje 1000,+389 70 337 112,8AM–1AM,8AM–1AM,8AM–1AM,8AM–1AM,8AM–1AM,8AM–1AM,8AM–1AM,https://lh5.googleusercontent.com/p/AF1QipOUuPLhT4zDzqh2AjQzlqDlfrlwctkSToa-e5Rj=w408-h544-k-no,42.0241875,21.4496875
ДежаВу - Капитол мол,4,1714,Restaurant,Dine-in;Curbside pickup;No-contact delivery;Mediterranean,Boulevard Jane Sandanski 71A Skopje 1000,+389 76 304 009,8AM–12AM,8AM–12AM,8AM–12AM,8AM–12AM,8AM–12AM,8AM–12AM,8AM–12AM,https://lh5.googleusercontent.com/p/AF1QipMhzZlfTrcJ51HxNOoq-wpxzQralrKDtrdodgd9=w426-h240-k-no,41.9859375,21.4661875
Ljuc,4.3,316,Restaurant,Dine-in;Takeout;,Jordan Mijalkov Железничка б.б. Skopje 1000,+389 77 594 039,11AM–6PM.,10AM–6PM.,10AM–6PM.,10AM–6PM.,10AM–6PM.,10AM–6PM.,Closed,https://lh5.googleusercontent.com/p/AF1QipP2DVsetcAFV0fe36W3tJUkkfZALpsY58g-dlS-=w408-h306-k-no,41.9891875,21.4294375
Garden Cafe & Restaurant,4.6,8,Restaurant,Dine-in;Takeout;,Chair Skopje skopje MK 1000,+389 70 687 363,9AM–12AM,9AM–12AM,9AM–12AM,9AM–12AM,9AM–12AM,9AM–12AM,9AM–11:30PM.,https://lh5.googleusercontent.com/p/AF1QipNM6xSQtUQc3Xz2f4PF1mVYPimd4rTHtC53RilK=w426-h240-k-no,42.0140625,21.4441875
7 Skara Restoran,4.6,329,Restaurant,Dine-in;Takeout;Barbecue,MK Vasil Glavinov Skopje 1000,+389 2 322 4000,9AM–12AM,9AM–12AM,9AM–12AM,9AM–12AM,9AM–12AM,9AM–12AM,Closed,https://lh5.googleusercontent.com/p/AF1QipNmRZfjM7Y4UjcU4dpX5jMl3_UBEDcFqHyZZYFh=w408-h262-k-no,41.9949375,21.4275625
Špajz,4.1,478,Restaurant,Dine-in;Takeout;,Gjorgji Peshkov 10 Skopje 1000,+389 75 243 663,8AM–12AM,8AM–12AM,8AM–12AM,8AM–12AM,8AM–1AM,8AM–1AM,8AM–12AM,https://lh5.googleusercontent.com/p/AF1QipNoPZdusszMGzUpZhMnEDma4a4edf46g-Vqsr70=w408-h544-k-no,42.0018125,21.4219375
Paradise Food,4.7,75,Restaurant,Dine-in;Takeout;No-contact delivery;Vegan,Dame Gruev broj 7 Skopje 1000,+389 76 424 104,8AM–8PM.,8AM–8PM.,8AM–8PM.,8AM–8PM.,8AM–4PM.,Closed,8AM–8PM.,https://lh5.googleusercontent.com/p/AF1QipNM-Xs_dir1MvQb0nJe_CbT0Ide3mAWaaGhTqFa=w427-h240-k-no,41.9944375,21.4275625
Old Balkan National Restaurant,4.1,9,Restaurant,Dine-in;Takeout;,28 Local 13 Bit Pazarska,+389 70 713 333,8AM–8PM.,8AM–8PM.,8AM–8PM.,8AM–8PM.,8AM–8PM.,8AM–8PM.,8AM–8PM.,https://lh5.googleusercontent.com/p/AF1QipMxlVYz-Xkss4mgEUXYGUm1dZ3T-gd7dJcY-f_2=w408-h306-k-no,42.0010625,21.4380625
Bien,4.2,221,Restaurant,Dine-in;Takeout;,23 Oktomvri 11a Skopje 1000,+389 70 822 799,8AM–12AM,8AM–12AM,8AM–12AM,8AM–12AM,8AM–12AM,8AM–12AM,8AM–12AM,https://lh5.googleusercontent.com/p/AF1QipPpwy1-bglyCLDRCsfQChVAfQbBLseu1ddukROX=w427-h240-k-no,41.9916875,21.4521875
Skara Na Kilo Jovana ZAR,4.2,178,Bar,Dine-in;Takeout;& grill,Московска Skopje 1000,+389 78 308 284,7AM–12AM,7AM–12AM,7AM–12AM,7AM–12AM,7AM–1AM,7AM–1AM,7AM–1AM,https://lh5.googleusercontent.com/p/AF1QipMPHqH4M3TfuwIpRkgfoBCabbng9G6ips27ebYv=w408-h306-k-no,42.0013125,21.3898125
Delfin,4.4,18,Restaurant,Dine-in;Takeout;,Green Market 11th October St. 16 Skopje 1000,+389 2 322 3021,9AM–11PM.,9AM–11PM.,9AM–11PM.,9AM–11PM.,9AM–11PM.,9AM–11PM.,9AM–11PM.,https://lh5.googleusercontent.com/p/AF1QipNpkk0qGInlF_l8JapWZq6a0-ChnACxNL0wNLaR=w493-h240-k-no,41.9915625,21.4336875
Vega,4.4,121,Restaurant,Dine-in;Takeout;Vegan,Franklin Ruzvelt 20 Skopje 1000,+389 2 312 3402,8AM–8PM.,8AM–8PM.,8AM–8PM.,8AM–8PM.,8AM–8PM.,9AM–2PM.,Closed,https://lh5.googleusercontent.com/p/AF1QipNH_Gk_EzCZ8QbFFxYDlFTNK9ChNjx9GVNUD-B-=w408-h306-k-no,41.9994375,21.4130625
Restaurant Pizzeria Plus,4,3,Restaurant,Dine-in;Takeout;,Chair Skopje Skopje MK 1000,+389 72 733 125,7AM–12AM,7AM–12AM,Open 24 hours,7AM–12AM,7AM–12AM,7AM–12AM,7AM–12AM,https://lh5.googleusercontent.com/p/AF1QipPWvSGix3FQOZCwHX7cdJ4C47i0pOXzQATIwfQd=w408-h816-k-no,42.0173125,21.4448125
Pizzeria Luna,5,2,Restaurant,Dine-in;Takeout;,Macedonia Square Skopje Skopje 1000,+389 70 737 140,8AM–12AM,8AM–12AM,8AM–12AM,8AM–12AM,8AM–12AM,8AM–12AM,8AM–12AM,https://lh5.googleusercontent.com/p/AF1QipNhHdjfUmGa8plJxwyGUZhf2dl_x1PuRbOz2pV1=w408-h306-k-no,42.0158125,21.4359375
Dren Restaurant / ДРЕН Ресторан,4.6,59,Restaurant,Dine-in;Takeout;Vegan,MK MK New Delhi Rd 13 Skopje 1000,+389 75 287 319,9AM–12AM,9AM–12AM,9AM–12AM,9AM–12AM,9AM–12AM,9AM–12AM,10AM–6PM.,https://lh5.googleusercontent.com/p/AF1QipNn7aTqNCzfxX-qdgN7SFYiXVJSHq-39GmnMH9U=w408-h544-k-no,41.9971875,21.4060625
Kibo Club,4.2,5,Cafe,Dine-in;Takeout;,Dame Gruev 16 Skopje 1000,+389 75 405 105,8AM–12AM,8AM–12AM,8AM–12AM,8AM–12AM,8AM–1AM,8:30AM–1AM,8:30AM–12AM,https://streetviewpixels-pa.googleapis.com/v1/thumbnail?panoid=XKpkkWRdBYcJMiBuRTERLw&cb_client=search.gws-prod.gps&w=408&h=240&yaw=30.85759&pitch=0&thumbfov=100,41.9948125,21.4283125
Kiosk Burger Bar,4.3,887,Restaurant,Dine-in;Takeout;Delivery;Hamburger,Leninova 64 Skopje 1000,+389 77 408 777,9AM–12AM,9AM–12AM,9AM–12AM,9AM–12AM,9AM–12AM,12PM.–12AM,1–10PM.,https://lh5.googleusercontent.com/p/AF1QipNEjNpYbld9cMS_yof3_wdTj13WIgk9ri9aXrY3=w408-h544-k-no,41.9963125,21.4220625
